eventID,eventDate,materialEntityID,locationID,decimalLatitude,decimalLongitude,higherGeography,locality,geodeticDatum,minimumDepthInMeters,maximumDepthInMeters,samplingProtocol,locationRemarks,parentEventID,minimumDistanceAboveSurfaceInMeters,maximumDistancesAboveSurfaceInMeters
MC885_20140501_AT26144705046,2014-05-01,AT26-14-4705-046,AT26-14-4705,28.06614,-89.71717,Gulf of Mexico | BOEM Lease Block MC885,BOEM Lease Block MC885,WGS84,634,634,Push core,Near coral,NA,NA,NA
MC885_20140501_AT26144705047,2014-05-01,AT26-14-4705-047,AT26-14-4705,28.06614,-89.71729,Gulf of Mexico | BOEM Lease Block MC885,BOEM Lease Block MC885,WGS84,635,635,Push core,Near coral,NA,NA,NA
AT357_20140504_AT26144706058,2014-05-04,AT26-14-4706-058,AT26-14-4706,27.58644,-89.70441,Gulf of Mexico | BOEM Lease Block AT357,BOEM Lease Block AT357,WGS84,1050,1050,Push core,Near coral,NA,NA,NA
AT357_20140504_AT26144706059,2014-05-04,AT26-14-4706-059,AT26-14-4706,27.58611,-89.70435,Gulf of Mexico | BOEM Lease Block AT357,BOEM Lease Block AT357,WGS84,1054,1054,Push core,Near coral,NA,NA,NA
MC885_20101016_RB10D527PC02,2010-10-16,RB10-D527-PC02,RB-2010-GOM-527,28.0664,-89.717,Gulf of Mexico | BOEM Lease Block MC885,BOEM Lease Block MC885,WGS84,633,633,Push core,Near coral,NA,NA,NA
MC885_20101016_RB10D527PC01,2010-10-16,RB10-D527-PC01,RB-2010-GOM-527,28.0664,-89.717,Gulf of Mexico | BOEM Lease Block MC885,BOEM Lease Block MC885,WGS84,633,633,Push core,Near coral,NA,NA,NA
MC885_20101016_RB10D527PC09,2010-10-16,RB10-D527-PC09,RB-2010-GOM-527,28.0664,-89.717,Gulf of Mexico | BOEM Lease Block MC885,BOEM Lease Block MC885,WGS84,633,633,Push core,Near coral,NA,NA,NA
GB299_20101019_RB10D530PC01,2010-10-19,RB10-D530-PC01,RB-2010-GOM-530,27.68659,-92.23104,Gulf of Mexico | BOEM Lease Block GB299,BOEM Lease Block GB299,WGS84,362,362,Push core,Near coral,NA,NA,NA
GB299_20101019_RB10D530PC02,2010-10-19,RB10-D530-PC02,RB-2010-GOM-530,27.68652,-92.23073,Gulf of Mexico | BOEM Lease Block GB299,BOEM Lease Block GB299,WGS84,361,361,Push core,Near coral,NA,NA,NA
GB299_20101019_RB10D530PC03,2010-10-19,RB10-D530-PC03,RB-2010-GOM-530,27.68652,-92.23073,Gulf of Mexico | BOEM Lease Block GB299,BOEM Lease Block GB299,WGS84,361,361,Push core,Near coral,NA,NA,NA
GB299_20101019_RB10D530PC04,2010-10-19,RB10-D530-PC04,RB-2010-GOM-530,27.68652,-92.23073,Gulf of Mexico | BOEM Lease Block GB299,BOEM Lease Block GB299,WGS84,361,361,Push core,Near coral,NA,NA,NA
GB299_20101020_RB10D530PC05,2010-10-20,RB10-D530-PC05,RB-2010-GOM-530,27.6846,-92.2209,Gulf of Mexico | BOEM Lease Block GB299,BOEM Lease Block GB299,WGS84,340,340,Push core,Near coral,NA,NA,NA
GB299_20101020_RB10D530PC07,2010-10-20,RB10-D530-PC07,RB-2010-GOM-530,27.6846,-92.2209,Gulf of Mexico | BOEM Lease Block GB299,BOEM Lease Block GB299,WGS84,340,340,Push core,Near coral,NA,NA,NA
GB299_20101019_RB10D530PC09,2010-10-19,RB10-D530-PC09,RB-2010-GOM-530,27.68659,-92.23104,Gulf of Mexico | BOEM Lease Block GB299,BOEM Lease Block GB299,WGS84,362,362,Push core,Near coral,NA,NA,NA
GB299_20101019_RB10D530PC10,2010-10-19,RB10-D530-PC10,RB-2010-GOM-530,27.68659,-92.23104,Gulf of Mexico | BOEM Lease Block GB299,BOEM Lease Block GB299,WGS84,362,362,Push core,Near coral,NA,NA,NA
GC140_20101021_RB10D532PC07,2010-10-21,RB10-D532-PC07,RB-2010-GOM-532,27.8108,-91.5371,Gulf of Mexico | BOEM Lease Block GC140,BOEM Lease Block GC140,WGS84,263,263,Push core,Near coral,NA,NA,NA
GC140_20101021_RB10D532PC10,2010-10-21,RB10-D532-PC10,RB-2010-GOM-532,27.8108,-91.5371,Gulf of Mexico | BOEM Lease Block GC140,BOEM Lease Block GC140,WGS84,263,263,Push core,Near coral,NA,NA,NA
GC249_20101023_RB10D533PC09,2010-10-23,RB10-D533-PC09,RB-2010-GOM-533,27.7241,-90.5142,Gulf of Mexico | BOEM Lease Block GC249,BOEM Lease Block GC249,WGS84,789,789,Push core,Near coral,NA,NA,NA
GC249_20101023_RB10D533PC07,2010-10-23,RB10-D533-PC07,RB-2010-GOM-533,27.7241,-90.5142,Gulf of Mexico | BOEM Lease Block GC249,BOEM Lease Block GC249,WGS84,789,789,Push core,Near coral,NA,NA,NA
GC249_20101023_RB10D533PC08,2010-10-23,RB10-D533-PC08,RB-2010-GOM-533,27.7241,-90.5142,Gulf of Mexico | BOEM Lease Block GC249,BOEM Lease Block GC249,WGS84,789,789,Push core,Near coral,NA,NA,NA
MC118_20101030_RB10D538PC01,2010-10-30,RB10-D538-PC01,RB-2010-GOM-538,28.85271,-88.49254,Gulf of Mexico | BOEM Lease Block MC118,BOEM Lease Block MC118,WGS84,883,883,Push core,Near coral,NA,NA,NA
MC118_20101030_RB10D538PC02,2010-10-30,RB10-D538-PC02,RB-2010-GOM-538,28.85271,-88.49254,Gulf of Mexico | BOEM Lease Block MC118,BOEM Lease Block MC118,WGS84,883,883,Push core,Near coral,NA,NA,NA
MC118_20101030_RB10D538PC04,2010-10-30,RB10-D538-PC04,RB-2010-GOM-538,28.85268,-88.49267,Gulf of Mexico | BOEM Lease Block MC118,BOEM Lease Block MC118,WGS84,882,882,Push core,Near coral,NA,NA,NA
MC118_20101030_RB10D538PC05,2010-10-30,RB10-D538-PC05,RB-2010-GOM-538,28.85271,-88.49254,Gulf of Mexico | BOEM Lease Block MC118,BOEM Lease Block MC118,WGS84,883,883,Push core,Near coral,NA,NA,NA
MC118_20101030_RB10D538PC06,2010-10-30,RB10-D538-PC06,RB-2010-GOM-538,28.85268,-88.49267,Gulf of Mexico | BOEM Lease Block MC118,BOEM Lease Block MC118,WGS84,882,882,Push core,Near coral,NA,NA,NA
MC118_20101030_RB10D538PC08,2010-10-30,RB10-D538-PC08,RB-2010-GOM-538,28.85268,-88.49267,Gulf of Mexico | BOEM Lease Block MC118,BOEM Lease Block MC118,WGS84,882,882,Push core,Near coral,NA,NA,NA
MC118_20130625_NA028046PC1,2013-06-25,NA028-046-PC1,NA028-H1261,28.85275,-88.49269,Gulf of Mexico | BOEM Lease Block MC118,BOEM Lease Block MC118,WGS84,884,884,Push core,Near coral,NA,NA,NA
MC118_20130625_NA028048PC3,2013-06-25,NA028-048-PC3,NA028-H1261,28.85275,-88.49269,Gulf of Mexico | BOEM Lease Block MC118,BOEM Lease Block MC118,WGS84,884,884,Push core,Near coral,NA,NA,NA
MC118_20130625_NA028049PC2,2013-06-25,NA028-049-PC2,NA028-H1261,28.85275,-88.49269,Gulf of Mexico | BOEM Lease Block MC118,BOEM Lease Block MC118,WGS84,884,884,Push core,Near coral,NA,NA,NA
MC118_20130625_NA028051PC5,2013-06-25,NA028-051-PC5,NA028-H1261,28.85268,-88.49252,Gulf of Mexico | BOEM Lease Block MC118,BOEM Lease Block MC118,WGS84,883,883,Push core,Near coral,NA,NA,NA
AT357_20130627_NA028084PC4,2013-06-27,NA028-084-PC4,NA028-H1264,27.58672,-89.70464,Gulf of Mexico | BOEM Lease Block AT357,BOEM Lease Block AT357,WGS84,1049,1049,Push core,Near coral,NA,NA,NA
AT357_20130627_NA028085PC1,2013-06-27,NA028-085-PC1,NA028-H1264,27.58672,-89.70464,Gulf of Mexico | BOEM Lease Block AT357,BOEM Lease Block AT357,WGS84,1049,1049,Push core,Near coral,NA,NA,NA
AT357_20130627_NA028086PC2,2013-06-27,NA028-086-PC2,NA028-H1264,27.58672,-89.70464,Gulf of Mexico | BOEM Lease Block AT357,BOEM Lease Block AT357,WGS84,1049,1049,Push core,Near coral,NA,NA,NA
AT357_20130629_NA028105PC1,2013-06-29,NA028-105-PC1,NA028-H1266,27.58573,-89.70502,Gulf of Mexico | BOEM Lease Block AT357,BOEM Lease Block AT357,WGS84,1054,1054,Push core,Near coral,NA,NA,NA
AT357_20130629_NA028106PC2,2013-06-29,NA028-106-PC2,NA028-H1266,27.58573,-89.70502,Gulf of Mexico | BOEM Lease Block AT357,BOEM Lease Block AT357,WGS84,1054,1054,Push core,Near coral,NA,NA,NA
AT357_20130629_NA028108PC4,2013-06-29,NA028-108-PC4,NA028-H1266,27.58573,-89.70502,Gulf of Mexico | BOEM Lease Block AT357,BOEM Lease Block AT357,WGS84,1054,1054,Push core,Near coral,NA,NA,NA
MC036_20140627_NA043020,2014-06-27,NA043-020,NA043-H1335,28.93535,-88.20269,Gulf of Mexico | BOEM Lease Block MC036,BOEM Lease Block MC036,WGS84,1094,1094,Push core,Near coral,NA,NA,NA
MC036_20140627_NA043021,2014-06-27,NA043-021,NA043-H1335,28.93535,-88.20269,Gulf of Mexico | BOEM Lease Block MC036,BOEM Lease Block MC036,WGS84,1094,1094,Push core,Near coral,NA,NA,NA
MC036_20140627_NA043022,2014-06-27,NA043-022,NA043-H1335,28.93535,-88.20269,Gulf of Mexico | BOEM Lease Block MC036,BOEM Lease Block MC036,WGS84,1094,1094,Push core,Near coral,NA,NA,NA
MC036_20140627_NA043024,2014-06-27,NA043-024,NA043-H1335,28.93535,-88.20269,Gulf of Mexico | BOEM Lease Block MC036,BOEM Lease Block MC036,WGS84,1094,1094,Push core,Near coral,NA,NA,NA
AT47_20090824_RB13D457PC03,2009-08-24,RB13-D457-PC03,RB-2009-GOM-457,27.88022,-89.78881,Gulf of Mexico | BOEM Lease Block AT47,BOEM Lease Block AT47,WGS84,840,840,Push core,Near coral,NA,NA,NA
AT47_20090824_RB13D457PC04,2009-08-24,RB13-D457-PC04,RB-2009-GOM-457,27.88022,-89.78881,Gulf of Mexico | BOEM Lease Block AT47,BOEM Lease Block AT47,WGS84,840,840,Push core,Near coral,NA,NA,NA
AT47_20090824_RB13D457PC05,2009-08-24,RB13-D457-PC05,RB-2009-GOM-457,27.88022,-89.78881,Gulf of Mexico | BOEM Lease Block AT47,BOEM Lease Block AT47,WGS84,840,840,Push core,Near coral,NA,NA,NA
AT47_20090824_RB13D457PC06,2009-08-24,RB13-D457-PC06,RB-2009-GOM-457,27.8898,-89.79443,Gulf of Mexico | BOEM Lease Block AT47,BOEM Lease Block AT47,WGS84,837,837,Push core,Background coral,NA,NA,NA
AT47_20090824_RB13D457PC09,2009-08-24,RB13-D457-PC09,RB-2009-GOM-457,27.8898,-89.79443,Gulf of Mexico | BOEM Lease Block AT47,BOEM Lease Block AT47,WGS84,837,837,Push core,Background coral,NA,NA,NA
AT47_20090824_RB13D457PC10,2009-08-24,RB13-D457-PC10,RB-2009-GOM-457,27.8898,-89.79443,Gulf of Mexico | BOEM Lease Block AT47,BOEM Lease Block AT47,WGS84,837,837,Push core,Background coral,NA,NA,NA
GB299_20090826_RB13D459PC01,2009-08-26,RB13-D459-PC01,RB-2009-GOM-459,27.68629,-92.23075,Gulf of Mexico | BOEM Lease Block GB299,BOEM Lease Block GB299,WGS84,359,359,Push core,Near coral,NA,NA,NA
GB299_20090826_RB13D459PC02,2009-08-26,RB13-D459-PC02,RB-2009-GOM-459,27.68619,-92.23089,Gulf of Mexico | BOEM Lease Block GB299,BOEM Lease Block GB299,WGS84,355,355,Push core,Background coral,NA,NA,NA
GB299_20090826_RB13D459PC03,2009-08-26,RB13-D459-PC03,RB-2009-GOM-459,27.68619,-92.23089,Gulf of Mexico | BOEM Lease Block GB299,BOEM Lease Block GB299,WGS84,355,355,Push core,Background coral,NA,NA,NA
GB299_20090826_RB13D459PC04,2009-08-26,RB13-D459-PC04,RB-2009-GOM-459,27.68629,-92.23075,Gulf of Mexico | BOEM Lease Block GB299,BOEM Lease Block GB299,WGS84,359,359,Push core,Near coral,NA,NA,NA
GB299_20090826_RB13D459PC05,2009-08-26,RB13-D459-PC05,RB-2009-GOM-459,27.68619,-92.23089,Gulf of Mexico | BOEM Lease Block GB299,BOEM Lease Block GB299,WGS84,355,355,Push core,Background coral,NA,NA,NA
GB299_20090826_RB13D459PC06,2009-08-26,RB13-D459-PC06,RB-2009-GOM-459,27.68629,-92.23075,Gulf of Mexico | BOEM Lease Block GB299,BOEM Lease Block GB299,WGS84,359,359,Push core,Near coral,NA,NA,NA
GB299_20090826_RB13D459PC07,2009-08-26,RB13-D459-PC07,RB-2009-GOM-459,27.68629,-92.23075,Gulf of Mexico | BOEM Lease Block GB299,BOEM Lease Block GB299,WGS84,359,359,Push core,Near coral,NA,NA,NA
GB299_20090826_RB13D459PC08,2009-08-26,RB13-D459-PC08,RB-2009-GOM-459,27.68629,-92.23075,Gulf of Mexico | BOEM Lease Block GB299,BOEM Lease Block GB299,WGS84,359,359,Push core,Near coral,NA,NA,NA
GB299_20090826_RB13D459PC09,2009-08-26,RB13-D459-PC09,RB-2009-GOM-459,27.68619,-92.23089,Gulf of Mexico | BOEM Lease Block GB299,BOEM Lease Block GB299,WGS84,355,355,Push core,Background coral,NA,NA,NA
GB299_20090826_RB13D459PC10,2009-08-26,RB13-D459-PC10,RB-2009-GOM-459,27.68619,-92.23089,Gulf of Mexico | BOEM Lease Block GB299,BOEM Lease Block GB299,WGS84,355,355,Push core,Background coral,NA,NA,NA
MC751_20090901_RB13D464PC01,2009-09-01,RB13-D464-PC01,RB-2009-GOM-464,28.19367,-89.79883,Gulf of Mexico | BOEM Lease Block MC751,BOEM Lease Block MC751,WGS84,440,440,Push core,Near coral,NA,NA,NA
MC751_20090901_RB13D464PC02,2009-09-01,RB13-D464-PC02,RB-2009-GOM-464,28.19367,-89.79883,Gulf of Mexico | BOEM Lease Block MC751,BOEM Lease Block MC751,WGS84,440,440,Push core,Near coral,NA,NA,NA
MC751_20090901_RB13D464PC05,2009-09-01,RB13-D464-PC05,RB-2009-GOM-464,28.19367,-89.79883,Gulf of Mexico | BOEM Lease Block MC751,BOEM Lease Block MC751,WGS84,440,440,Push core,Near coral,NA,NA,NA
MC751_20090901_RB13D464PC08,2009-09-01,RB13-D464-PC08,RB-2009-GOM-464,28.19871,-89.80104,Gulf of Mexico | BOEM Lease Block MC751,BOEM Lease Block MC751,WGS84,431,431,Push core,Background coral,NA,NA,NA
MC751_20090901_RB13D464PC09,2009-09-01,RB13-D464-PC09,RB-2009-GOM-464,28.19871,-89.80104,Gulf of Mexico | BOEM Lease Block MC751,BOEM Lease Block MC751,WGS84,431,431,Push core,Background coral,NA,NA,NA
VK906_20090902_RB13D465PC01,2009-09-02,RB13-D465-PC01,RB-2009-GOM-465,29.06964,-88.3771,Gulf of Mexico | BOEM Lease Block VK906,BOEM Lease Block VK906,WGS84,388,388,Push core,Near coral,NA,NA,NA
VK906_20090902_RB13D465PC02,2009-09-02,RB13-D465-PC02,RB-2009-GOM-465,29.06964,-88.3771,Gulf of Mexico | BOEM Lease Block VK906,BOEM Lease Block VK906,WGS84,388,388,Push core,Near coral,NA,NA,NA
VK906_20090902_RB13D465PC03,2009-09-02,RB13-D465-PC03,RB-2009-GOM-465,29.06964,-88.3771,Gulf of Mexico | BOEM Lease Block VK906,BOEM Lease Block VK906,WGS84,388,388,Push core,Near coral,NA,NA,NA
VK906_20090902_RB13D465PC04,2009-09-02,RB13-D465-PC04,RB-2009-GOM-465,29.06917,-88.37759,Gulf of Mexico | BOEM Lease Block VK906,BOEM Lease Block VK906,WGS84,393,393,Push core,Near coral,NA,NA,NA
VK906_20090902_RB13D465PC05,2009-09-02,RB13-D465-PC05,RB-2009-GOM-465,29.06917,-88.37759,Gulf of Mexico | BOEM Lease Block VK906,BOEM Lease Block VK906,WGS84,393,393,Push core,Near coral,NA,NA,NA
VK906_20090902_RB13D465PC06,2009-09-02,RB13-D465-PC06,RB-2009-GOM-465,29.06725,-88.38017,Gulf of Mexico | BOEM Lease Block VK906,BOEM Lease Block VK906,WGS84,432,432,Push core,Background coral,NA,NA,NA
VK906_20090902_RB13D465PC07,2009-09-02,RB13-D465-PC07,RB-2009-GOM-465,29.06725,-88.38017,Gulf of Mexico | BOEM Lease Block VK906,BOEM Lease Block VK906,WGS84,432,432,Push core,Background coral,NA,NA,NA
VK906_20090902_RB13D465PC08,2009-09-02,RB13-D465-PC08,RB-2009-GOM-465,29.06725,-88.38017,Gulf of Mexico | BOEM Lease Block VK906,BOEM Lease Block VK906,WGS84,432,432,Push core,Background coral,NA,NA,NA
VK906_20090902_RB13D465PC10,2009-09-02,RB13-D465-PC10,RB-2009-GOM-465,29.06917,-88.37759,Gulf of Mexico | BOEM Lease Block VK906,BOEM Lease Block VK906,WGS84,393,393,Push core,Near coral,NA,NA,NA
VK826_20090903_RB13D466PC01,2009-09-03,RB13-D466-PC01,RB-2009-GOM-466,29.15778,-88.01615,Gulf of Mexico | BOEM Lease Block VK826,BOEM Lease Block VK826,WGS84,475,475,Push core,Near coral,NA,NA,NA
VK826_20090903_RB13D466PC02,2009-09-03,RB13-D466-PC02,RB-2009-GOM-466,29.15778,-88.01615,Gulf of Mexico | BOEM Lease Block VK826,BOEM Lease Block VK826,WGS84,475,475,Push core,Near coral,NA,NA,NA
VK826_20090903_RB13D466PC03,2009-09-03,RB13-D466-PC03,RB-2009-GOM-466,29.15778,-88.01615,Gulf of Mexico | BOEM Lease Block VK826,BOEM Lease Block VK826,WGS84,475,475,Push core,Near coral,NA,NA,NA
VK826_20090903_RB13D466PC05,2009-09-03,RB13-D466-PC05,RB-2009-GOM-466,29.15816,-88.01681,Gulf of Mexico | BOEM Lease Block VK826,BOEM Lease Block VK826,WGS84,470,470,Push core,Near coral,NA,NA,NA
VK826_20090903_RB13D466PC06,2009-09-03,RB13-D466-PC06,RB-2009-GOM-466,29.15816,-88.01681,Gulf of Mexico | BOEM Lease Block VK826,BOEM Lease Block VK826,WGS84,470,470,Push core,Near coral,NA,NA,NA
VK826_20090904_RB13D467PC02,2009-09-04,RB13-D467-PC02,RB-2009-GOM-467,29.15871,-88.01038,Gulf of Mexico | BOEM Lease Block VK826,BOEM Lease Block VK826,WGS84,480,480,Push core,Near coral,NA,NA,NA
VK826_20090904_RB13D467PC05,2009-09-04,RB13-D467-PC05,RB-2009-GOM-467,29.15871,-88.01038,Gulf of Mexico | BOEM Lease Block VK826,BOEM Lease Block VK826,WGS84,480,480,Push core,Near coral,NA,NA,NA
VK906_20090910_RB13D473PC01,2009-09-10,RB13-D473-PC01,RB-2009-GOM-473,29.06904,-88.37712,Gulf of Mexico | BOEM Lease Block VK906,BOEM Lease Block VK906,WGS84,392,392,Push core,Near coral,NA,NA,NA
VK906_20090910_RB13D473PC02,2009-09-10,RB13-D473-PC02,RB-2009-GOM-473,29.06904,-88.37712,Gulf of Mexico | BOEM Lease Block VK906,BOEM Lease Block VK906,WGS84,392,392,Push core,Near coral,NA,NA,NA
VK906_20090910_RB13D473PC04,2009-09-10,RB13-D473-PC04,RB-2009-GOM-473,29.06904,-88.37712,Gulf of Mexico | BOEM Lease Block VK906,BOEM Lease Block VK906,WGS84,392,392,Push core,Near coral,NA,NA,NA
VK906_20090918_SJ09GOM3725PC05,2009-09-18,SJ09-GOM-3725-PC05,JSLII-2009-GOM-3725,29.0691,-88.37611,Gulf of Mexico | BOEM Lease Block VK906,BOEM Lease Block VK906,WGS84,393,393,Large push core,Background coral,NA,NA,NA
MC751_20090919_SJ09GOMBC05,2009-09-19,SJ09-GOM-BC05,SJ-2009-GOM-027,28.19688,-89.79876,Gulf of Mexico | BOEM Lease Block MC751,BOEM Lease Block MC751,WGS84,429,429,Box core,Background coral,NA,NA,NA
MC751_20090919_SJ09GOMBC06,2009-09-19,SJ09-GOM-BC06,SJ-2009-GOM-028,28.19675,-89.79985,Gulf of Mexico | BOEM Lease Block MC751,BOEM Lease Block MC751,WGS84,427,427,Box core,Background coral,NA,NA,NA
VK906_20090920_SJ09GOMBC08,2009-09-20,SJ09-GOM-BC08,SJ-2009-GOM-033,29.0727,-88.37808,Gulf of Mexico | BOEM Lease Block VK906,BOEM Lease Block VK906,WGS84,418,418,Box core,Background coral,NA,NA,NA
VK826_20090922_SJ09GOMBC12,2009-09-22,SJ09-GOM-BC12,SJ-2009-GOM-062,29.17011,-88.0133,Gulf of Mexico | BOEM Lease Block VK826,BOEM Lease Block VK826,WGS84,470,470,Box core,Background coral,NA,NA,NA
VK826_20090922_SJ09GOMBC13,2009-09-22,SJ09-GOM-BC13,SJ-2009-GOM-063,29.17068,-88.01233,Gulf of Mexico | BOEM Lease Block VK826,BOEM Lease Block VK826,WGS84,461,461,Box core,Background coral,NA,NA,NA
VK826_20090923_SJ09GOMBC14,2009-09-23,SJ09-GOM-BC14,SJ-2009-GOM-072,29.16771,-88.01315,Gulf of Mexico | BOEM Lease Block VK826,BOEM Lease Block VK826,WGS84,472,472,Box core,Background coral,NA,NA,NA
VK826_20090923_SJ09GOMBC16,2009-09-23,SJ09-GOM-BC16,SJ-2009-GOM-074,29.17076,-88.01133,Gulf of Mexico | BOEM Lease Block VK826,BOEM Lease Block VK826,WGS84,458,458,Box core,Background coral,NA,NA,NA
MC885_20101016_RB10D527PC03,2010-10-16,RB10-D527-PC03,NA,28.6637,-89.7171,Gulf of Mexico | BOEM Lease Block MC885,BOEM Lease Block MC885,WGS84,633,633,NA,NA coral,NA,NA,NA
GC249_20101023_RB10D533PC01,2010-10-23,RB10-D533-PC01,NA,27.7241,-90.5142,Gulf of Mexico | BOEM Lease Block GC249,BOEM Lease Block GC249,WGS84,810,810,NA,NA coral,NA,NA,NA
MC118_20130625_NA028047PC4,2013-06-25,NA028-047-PC4,NA,28.85278,-88.49273,Gulf of Mexico | BOEM Lease Block MC118,BOEM Lease Block MC118,WGS84,884,884,NA,NA coral,NA,NA,NA
MC118_20130625_NA028052PC6,2013-06-25,NA028-052-PC6,NA,28.85268,-88.49252,Gulf of Mexico | BOEM Lease Block MC118,BOEM Lease Block MC118,WGS84,885,885,NA,NA coral,NA,NA,NA
AT357_20130627_NA028087PC3,2013-06-27,NA028-087-PC3,NA,27.58672,-89.70464,Gulf of Mexico | BOEM Lease Block AT357,BOEM Lease Block AT357,WGS84,1049,1049,NA,NA coral,NA,NA,NA
AT357_20130629_NA028107PC3,2013-06-29,NA028-107-PC3,NA,27.58573,-89.70502,Gulf of Mexico | BOEM Lease Block AT357,BOEM Lease Block AT357,WGS84,1054,1054,NA,NA coral,NA,NA,NA
MC885_20140501_AT26144705044,2014-05-01,AT26-14-4705-044,NA,28.06614,-89.71717,Gulf of Mexico | BOEM Lease Block MC885,BOEM Lease Block MC885,WGS84,634,634,NA,NA coral,NA,NA,NA
MC885_20140501_AT26144705045,2014-05-01,AT26-14-4705-045,NA,28.06614,-89.71729,Gulf of Mexico | BOEM Lease Block MC885,BOEM Lease Block MC885,WGS84,635,635,NA,NA coral,NA,NA,NA
AT357_20140504_AT26144706053,2014-05-04,AT26-14-4706-053,NA,27.58644,-89.70441,Gulf of Mexico | BOEM Lease Block AT357,BOEM Lease Block AT357,WGS84,1050,1050,NA,NA coral,NA,NA,NA
AT357_20140504_AT26144706054,2014-05-04,AT26-14-4706-054,NA,27.58611,-89.70435,Gulf of Mexico | BOEM Lease Block AT357,BOEM Lease Block AT357,WGS84,1054,1054,NA,NA coral,NA,NA,NA
MC036_20140627_NA043023,2014-06-27,NA043-023,NA,28.9354,-88.2027,Gulf of Mexico | BOEM Lease Block MC036,BOEM Lease Block MC036,WGS84,1094,1094,NA,NA coral,NA,NA,NA
MC885_20140501_AT26144705046A,2014-05-01,AT26-14-4705-046A,AT26-14-4705,28.06614,-89.71717,Gulf of Mexico | BOEM Lease Block MC885,BOEM Lease Block MC885,WGS84,634,634,Push core,Near coral,MC885_20140501_AT26144705046,-0,-0.02
MC885_20140501_AT26144705046B,2014-05-01,AT26-14-4705-046B,AT26-14-4705,28.06614,-89.71717,Gulf of Mexico | BOEM Lease Block MC885,BOEM Lease Block MC885,WGS84,634,634,Push core,Near coral,MC885_20140501_AT26144705046,-0.02,-0.05
MC885_20140501_AT26144705046C,2014-05-01,AT26-14-4705-046C,AT26-14-4705,28.06614,-89.71717,Gulf of Mexico | BOEM Lease Block MC885,BOEM Lease Block MC885,WGS84,634,634,Push core,Near coral,MC885_20140501_AT26144705046,-0.05,-0.1
MC885_20140501_AT26144705047A,2014-05-01,AT26-14-4705-047A,AT26-14-4705,28.06614,-89.71729,Gulf of Mexico | BOEM Lease Block MC885,BOEM Lease Block MC885,WGS84,635,635,Push core,Near coral,MC885_20140501_AT26144705047,-0,-0.02
MC885_20140501_AT26144705047B,2014-05-01,AT26-14-4705-047B,AT26-14-4705,28.06614,-89.71729,Gulf of Mexico | BOEM Lease Block MC885,BOEM Lease Block MC885,WGS84,635,635,Push core,Near coral,MC885_20140501_AT26144705047,-0.02,-0.05
MC885_20140501_AT26144705047C,2014-05-01,AT26-14-4705-047C,AT26-14-4705,28.06614,-89.71729,Gulf of Mexico | BOEM Lease Block MC885,BOEM Lease Block MC885,WGS84,635,635,Push core,Near coral,MC885_20140501_AT26144705047,-0.05,-0.1
AT357_20140504_AT26144706058A,2014-05-04,AT26-14-4706-058A,AT26-14-4706,27.58644,-89.70441,Gulf of Mexico | BOEM Lease Block AT357,BOEM Lease Block AT357,WGS84,1050,1050,Push core,Near coral,AT357_20140504_AT26144706058,-0,-0.02
AT357_20140504_AT26144706058B,2014-05-04,AT26-14-4706-058B,AT26-14-4706,27.58644,-89.70441,Gulf of Mexico | BOEM Lease Block AT357,BOEM Lease Block AT357,WGS84,1050,1050,Push core,Near coral,AT357_20140504_AT26144706058,-0.02,-0.05
AT357_20140504_AT26144706058C,2014-05-04,AT26-14-4706-058C,AT26-14-4706,27.58644,-89.70441,Gulf of Mexico | BOEM Lease Block AT357,BOEM Lease Block AT357,WGS84,1050,1050,Push core,Near coral,AT357_20140504_AT26144706058,-0.05,-0.1
AT357_20140504_AT26144706059A,2014-05-04,AT26-14-4706-059A,AT26-14-4706,27.58611,-89.70435,Gulf of Mexico | BOEM Lease Block AT357,BOEM Lease Block AT357,WGS84,1054,1054,Push core,Near coral,AT357_20140504_AT26144706059,-0,-0.02
AT357_20140504_AT26144706059B,2014-05-04,AT26-14-4706-059B,AT26-14-4706,27.58611,-89.70435,Gulf of Mexico | BOEM Lease Block AT357,BOEM Lease Block AT357,WGS84,1054,1054,Push core,Near coral,AT357_20140504_AT26144706059,-0.02,-0.05
AT357_20140504_AT26144706059C,2014-05-04,AT26-14-4706-059C,AT26-14-4706,27.58611,-89.70435,Gulf of Mexico | BOEM Lease Block AT357,BOEM Lease Block AT357,WGS84,1054,1054,Push core,Near coral,AT357_20140504_AT26144706059,-0.05,-0.1
MC885_20101016_LII10GOM4007,2010-10-16,LII-10-GOM-4007,RB-2010-GOM-527,28.0664,-89.717,Gulf of Mexico | BOEM Lease Block MC885,BOEM Lease Block MC885,WGS84,633,633,Push core,Near coral,MC885_20101016_RB10D527PC02,-0,-0.02
MC885_20101016_LII10GOM4008,2010-10-16,LII-10-GOM-4008,RB-2010-GOM-527,28.0664,-89.717,Gulf of Mexico | BOEM Lease Block MC885,BOEM Lease Block MC885,WGS84,633,633,Push core,Near coral,MC885_20101016_RB10D527PC02,-0.02,-0.05
MC885_20101016_LII10GOM4009,2010-10-16,LII-10-GOM-4009,RB-2010-GOM-527,28.0664,-89.717,Gulf of Mexico | BOEM Lease Block MC885,BOEM Lease Block MC885,WGS84,633,633,Push core,Near coral,MC885_20101016_RB10D527PC02,-0.05,-0.1
MC885_20101016_LII10GOM4010,2010-10-16,LII-10-GOM-4010,RB-2010-GOM-527,28.0664,-89.717,Gulf of Mexico | BOEM Lease Block MC885,BOEM Lease Block MC885,WGS84,633,633,Push core,Near coral,MC885_20101016_RB10D527PC01,-0,-0.02
MC885_20101016_LII10GOM4011,2010-10-16,LII-10-GOM-4011,RB-2010-GOM-527,28.0664,-89.717,Gulf of Mexico | BOEM Lease Block MC885,BOEM Lease Block MC885,WGS84,633,633,Push core,Near coral,MC885_20101016_RB10D527PC01,-0.02,-0.05
MC885_20101016_LII10GOM4012,2010-10-16,LII-10-GOM-4012,RB-2010-GOM-527,28.0664,-89.717,Gulf of Mexico | BOEM Lease Block MC885,BOEM Lease Block MC885,WGS84,633,633,Push core,Near coral,MC885_20101016_RB10D527PC01,-0.05,-0.1
MC885_20101016_LII10GOM4013,2010-10-16,LII-10-GOM-4013,RB-2010-GOM-527,28.0664,-89.717,Gulf of Mexico | BOEM Lease Block MC885,BOEM Lease Block MC885,WGS84,633,633,Push core,Near coral,MC885_20101016_RB10D527PC09,-0,-0.02
MC885_20101016_LII10GOM4014,2010-10-16,LII-10-GOM-4014,RB-2010-GOM-527,28.0664,-89.717,Gulf of Mexico | BOEM Lease Block MC885,BOEM Lease Block MC885,WGS84,633,633,Push core,Near coral,MC885_20101016_RB10D527PC09,-0.02,-0.05
MC885_20101016_LII10GOM4015,2010-10-16,LII-10-GOM-4015,RB-2010-GOM-527,28.0664,-89.717,Gulf of Mexico | BOEM Lease Block MC885,BOEM Lease Block MC885,WGS84,633,633,Push core,Near coral,MC885_20101016_RB10D527PC09,-0.05,-0.1
GB299_20101019_LII10GOM4057,2010-10-19,LII-10-GOM-4057,RB-2010-GOM-530,27.68659,-92.23104,Gulf of Mexico | BOEM Lease Block GB299,BOEM Lease Block GB299,WGS84,362,362,Push core,Near coral,GB299_20101019_RB10D530PC01,-0,-0.02
GB299_20101019_LII10GOM4058,2010-10-19,LII-10-GOM-4058,RB-2010-GOM-530,27.68659,-92.23104,Gulf of Mexico | BOEM Lease Block GB299,BOEM Lease Block GB299,WGS84,362,362,Push core,Near coral,GB299_20101019_RB10D530PC01,-0.02,-0.05
GB299_20101019_LII10GOM4059,2010-10-19,LII-10-GOM-4059,RB-2010-GOM-530,27.68659,-92.23104,Gulf of Mexico | BOEM Lease Block GB299,BOEM Lease Block GB299,WGS84,362,362,Push core,Near coral,GB299_20101019_RB10D530PC01,-0.05,-0.1
GB299_20101019_LII10GOM4060,2010-10-19,LII-10-GOM-4060,RB-2010-GOM-530,27.68652,-92.23073,Gulf of Mexico | BOEM Lease Block GB299,BOEM Lease Block GB299,WGS84,361,361,Push core,Near coral,GB299_20101019_RB10D530PC02,-0,-0.02
GB299_20101019_LII10GOM4061,2010-10-19,LII-10-GOM-4061,RB-2010-GOM-530,27.68652,-92.23073,Gulf of Mexico | BOEM Lease Block GB299,BOEM Lease Block GB299,WGS84,361,361,Push core,Near coral,GB299_20101019_RB10D530PC02,-0.02,-0.05
GB299_20101019_LII10GOM4062,2010-10-19,LII-10-GOM-4062,RB-2010-GOM-530,27.68652,-92.23073,Gulf of Mexico | BOEM Lease Block GB299,BOEM Lease Block GB299,WGS84,361,361,Push core,Near coral,GB299_20101019_RB10D530PC02,-0.05,-0.1
GB299_20101019_LII10GOM4063,2010-10-19,LII-10-GOM-4063,RB-2010-GOM-530,27.68652,-92.23073,Gulf of Mexico | BOEM Lease Block GB299,BOEM Lease Block GB299,WGS84,361,361,Push core,Near coral,GB299_20101019_RB10D530PC03,-0,-0.02
GB299_20101019_LII10GOM4064,2010-10-19,LII-10-GOM-4064,RB-2010-GOM-530,27.68652,-92.23073,Gulf of Mexico | BOEM Lease Block GB299,BOEM Lease Block GB299,WGS84,361,361,Push core,Near coral,GB299_20101019_RB10D530PC03,-0.02,-0.05
GB299_20101019_LII10GOM4065,2010-10-19,LII-10-GOM-4065,RB-2010-GOM-530,27.68652,-92.23073,Gulf of Mexico | BOEM Lease Block GB299,BOEM Lease Block GB299,WGS84,361,361,Push core,Near coral,GB299_20101019_RB10D530PC03,-0.05,-0.1
GB299_20101019_LII10GOM4066,2010-10-19,LII-10-GOM-4066,RB-2010-GOM-530,27.68652,-92.23073,Gulf of Mexico | BOEM Lease Block GB299,BOEM Lease Block GB299,WGS84,361,361,Push core,Near coral,GB299_20101019_RB10D530PC04,-0,-0.02
GB299_20101019_LII10GOM4067,2010-10-19,LII-10-GOM-4067,RB-2010-GOM-530,27.68652,-92.23073,Gulf of Mexico | BOEM Lease Block GB299,BOEM Lease Block GB299,WGS84,361,361,Push core,Near coral,GB299_20101019_RB10D530PC04,-0.02,-0.05
GB299_20101019_LII10GOM4068,2010-10-19,LII-10-GOM-4068,RB-2010-GOM-530,27.68652,-92.23073,Gulf of Mexico | BOEM Lease Block GB299,BOEM Lease Block GB299,WGS84,361,361,Push core,Near coral,GB299_20101019_RB10D530PC04,-0.05,-0.1
GB299_20101020_LII10GOM4069,2010-10-20,LII-10-GOM-4069,RB-2010-GOM-530,27.6846,-92.2209,Gulf of Mexico | BOEM Lease Block GB299,BOEM Lease Block GB299,WGS84,340,340,Push core,Near coral,GB299_20101020_RB10D530PC05,-0,-0.02
GB299_20101020_LII10GOM4070,2010-10-20,LII-10-GOM-4070,RB-2010-GOM-530,27.6846,-92.2209,Gulf of Mexico | BOEM Lease Block GB299,BOEM Lease Block GB299,WGS84,340,340,Push core,Near coral,GB299_20101020_RB10D530PC05,-0.02,-0.05
GB299_20101020_LII10GOM4071,2010-10-20,LII-10-GOM-4071,RB-2010-GOM-530,27.6846,-92.2209,Gulf of Mexico | BOEM Lease Block GB299,BOEM Lease Block GB299,WGS84,340,340,Push core,Near coral,GB299_20101020_RB10D530PC05,-0.05,-0.1
GB299_20101020_LII10GOM4072,2010-10-20,LII-10-GOM-4072,RB-2010-GOM-530,27.6846,-92.2209,Gulf of Mexico | BOEM Lease Block GB299,BOEM Lease Block GB299,WGS84,340,340,Push core,Near coral,GB299_20101020_RB10D530PC07,-0,-0.02
GB299_20101020_LII10GOM4073,2010-10-20,LII-10-GOM-4073,RB-2010-GOM-530,27.6846,-92.2209,Gulf of Mexico | BOEM Lease Block GB299,BOEM Lease Block GB299,WGS84,340,340,Push core,Near coral,GB299_20101020_RB10D530PC07,-0.02,-0.05
GB299_20101020_LII10GOM4074,2010-10-20,LII-10-GOM-4074,RB-2010-GOM-530,27.6846,-92.2209,Gulf of Mexico | BOEM Lease Block GB299,BOEM Lease Block GB299,WGS84,340,340,Push core,Near coral,GB299_20101020_RB10D530PC07,-0.05,-0.1
GB299_20101019_LII10GOM4075,2010-10-19,LII-10-GOM-4075,RB-2010-GOM-530,27.68659,-92.23104,Gulf of Mexico | BOEM Lease Block GB299,BOEM Lease Block GB299,WGS84,362,362,Push core,Near coral,GB299_20101019_RB10D530PC09,-0,-0.02
GB299_20101019_LII10GOM4076,2010-10-19,LII-10-GOM-4076,RB-2010-GOM-530,27.68659,-92.23104,Gulf of Mexico | BOEM Lease Block GB299,BOEM Lease Block GB299,WGS84,362,362,Push core,Near coral,GB299_20101019_RB10D530PC09,-0.02,-0.05
GB299_20101019_LII10GOM4077,2010-10-19,LII-10-GOM-4077,RB-2010-GOM-530,27.68659,-92.23104,Gulf of Mexico | BOEM Lease Block GB299,BOEM Lease Block GB299,WGS84,362,362,Push core,Near coral,GB299_20101019_RB10D530PC09,-0.05,-0.1
GB299_20101019_LII10GOM4078,2010-10-19,LII-10-GOM-4078,RB-2010-GOM-530,27.68659,-92.23104,Gulf of Mexico | BOEM Lease Block GB299,BOEM Lease Block GB299,WGS84,362,362,Push core,Near coral,GB299_20101019_RB10D530PC10,-0,-0.02
GB299_20101019_LII10GOM4079,2010-10-19,LII-10-GOM-4079,RB-2010-GOM-530,27.68659,-92.23104,Gulf of Mexico | BOEM Lease Block GB299,BOEM Lease Block GB299,WGS84,362,362,Push core,Near coral,GB299_20101019_RB10D530PC10,-0.02,-0.05
GB299_20101019_LII10GOM4080,2010-10-19,LII-10-GOM-4080,RB-2010-GOM-530,27.68659,-92.23104,Gulf of Mexico | BOEM Lease Block GB299,BOEM Lease Block GB299,WGS84,362,362,Push core,Near coral,GB299_20101019_RB10D530PC10,-0.05,-0.1
GC140_20101021_LII10GOM4103,2010-10-21,LII-10-GOM-4103,RB-2010-GOM-532,27.8108,-91.5371,Gulf of Mexico | BOEM Lease Block GC140,BOEM Lease Block GC140,WGS84,263,263,Push core,Near coral,GC140_20101021_RB10D532PC07,-0,-0.02
GC140_20101021_LII10GOM4104,2010-10-21,LII-10-GOM-4104,RB-2010-GOM-532,27.8108,-91.5371,Gulf of Mexico | BOEM Lease Block GC140,BOEM Lease Block GC140,WGS84,263,263,Push core,Near coral,GC140_20101021_RB10D532PC07,-0.02,-0.05
GC140_20101021_LII10GOM4105,2010-10-21,LII-10-GOM-4105,RB-2010-GOM-532,27.8108,-91.5371,Gulf of Mexico | BOEM Lease Block GC140,BOEM Lease Block GC140,WGS84,263,263,Push core,Near coral,GC140_20101021_RB10D532PC07,-0.05,-0.07
GC140_20101021_LII10GOM4106,2010-10-21,LII-10-GOM-4106,RB-2010-GOM-532,27.8108,-91.5371,Gulf of Mexico | BOEM Lease Block GC140,BOEM Lease Block GC140,WGS84,263,263,Push core,Near coral,GC140_20101021_RB10D532PC10,-0,-0.02
GC140_20101021_LII10GOM4107,2010-10-21,LII-10-GOM-4107,RB-2010-GOM-532,27.8108,-91.5371,Gulf of Mexico | BOEM Lease Block GC140,BOEM Lease Block GC140,WGS84,263,263,Push core,Near coral,GC140_20101021_RB10D532PC10,-0.02,-0.05
GC140_20101021_LII10GOM4108,2010-10-21,LII-10-GOM-4108,RB-2010-GOM-532,27.8108,-91.5371,Gulf of Mexico | BOEM Lease Block GC140,BOEM Lease Block GC140,WGS84,263,263,Push core,Near coral,GC140_20101021_RB10D532PC10,-0.05,-0.1
GC249_20101023_LII10GOM4109,2010-10-23,LII-10-GOM-4109,RB-2010-GOM-533,27.7241,-90.5142,Gulf of Mexico | BOEM Lease Block GC249,BOEM Lease Block GC249,WGS84,789,789,Push core,Near coral,GC249_20101023_RB10D533PC09,-0,-0.02
GC249_20101023_LII10GOM4110,2010-10-23,LII-10-GOM-4110,RB-2010-GOM-533,27.7241,-90.5142,Gulf of Mexico | BOEM Lease Block GC249,BOEM Lease Block GC249,WGS84,789,789,Push core,Near coral,GC249_20101023_RB10D533PC09,-0.02,-0.05
GC249_20101023_LII10GOM4111,2010-10-23,LII-10-GOM-4111,RB-2010-GOM-533,27.7241,-90.5142,Gulf of Mexico | BOEM Lease Block GC249,BOEM Lease Block GC249,WGS84,789,789,Push core,Near coral,GC249_20101023_RB10D533PC09,-0.05,-0.1
GC249_20101023_LII10GOM4114,2010-10-23,LII-10-GOM-4114,RB-2010-GOM-533,27.7241,-90.5142,Gulf of Mexico | BOEM Lease Block GC249,BOEM Lease Block GC249,WGS84,789,789,Push core,Near coral,GC249_20101023_RB10D533PC07,-0,-0.02
GC249_20101023_LII10GOM4115,2010-10-23,LII-10-GOM-4115,RB-2010-GOM-533,27.7241,-90.5142,Gulf of Mexico | BOEM Lease Block GC249,BOEM Lease Block GC249,WGS84,789,789,Push core,Near coral,GC249_20101023_RB10D533PC07,-0.02,-0.05
GC249_20101023_LII10GOM4116,2010-10-23,LII-10-GOM-4116,RB-2010-GOM-533,27.7241,-90.5142,Gulf of Mexico | BOEM Lease Block GC249,BOEM Lease Block GC249,WGS84,789,789,Push core,Near coral,GC249_20101023_RB10D533PC07,-0.05,-0.1
GC249_20101023_LII10GOM4118,2010-10-23,LII-10-GOM-4118,RB-2010-GOM-533,27.7241,-90.5142,Gulf of Mexico | BOEM Lease Block GC249,BOEM Lease Block GC249,WGS84,789,789,Push core,Near coral,GC249_20101023_RB10D533PC08,-0,-0.02
GC249_20101023_LII10GOM4119,2010-10-23,LII-10-GOM-4119,RB-2010-GOM-533,27.7241,-90.5142,Gulf of Mexico | BOEM Lease Block GC249,BOEM Lease Block GC249,WGS84,789,789,Push core,Near coral,GC249_20101023_RB10D533PC08,-0.02,-0.05
GC249_20101023_LII10GOM4120,2010-10-23,LII-10-GOM-4120,RB-2010-GOM-533,27.7241,-90.5142,Gulf of Mexico | BOEM Lease Block GC249,BOEM Lease Block GC249,WGS84,789,789,Push core,Near coral,GC249_20101023_RB10D533PC08,-0.05,-0.1
MC118_20101030_LII10GOM4210,2010-10-30,LII-10-GOM-4210,RB-2010-GOM-538,28.85271,-88.49254,Gulf of Mexico | BOEM Lease Block MC118,BOEM Lease Block MC118,WGS84,883,883,Push core,Near coral,MC118_20101030_RB10D538PC01,-0,-0.02
MC118_20101030_LII10GOM4211,2010-10-30,LII-10-GOM-4211,RB-2010-GOM-538,28.85271,-88.49254,Gulf of Mexico | BOEM Lease Block MC118,BOEM Lease Block MC118,WGS84,883,883,Push core,Near coral,MC118_20101030_RB10D538PC01,-0.02,-0.05
MC118_20101030_LII10GOM4212,2010-10-30,LII-10-GOM-4212,RB-2010-GOM-538,28.85271,-88.49254,Gulf of Mexico | BOEM Lease Block MC118,BOEM Lease Block MC118,WGS84,883,883,Push core,Near coral,MC118_20101030_RB10D538PC01,-0.05,-0.1
MC118_20101030_LII10GOM4213,2010-10-30,LII-10-GOM-4213,RB-2010-GOM-538,28.85271,-88.49254,Gulf of Mexico | BOEM Lease Block MC118,BOEM Lease Block MC118,WGS84,883,883,Push core,Near coral,MC118_20101030_RB10D538PC02,-0,-0.02
MC118_20101030_LII10GOM4214,2010-10-30,LII-10-GOM-4214,RB-2010-GOM-538,28.85271,-88.49254,Gulf of Mexico | BOEM Lease Block MC118,BOEM Lease Block MC118,WGS84,883,883,Push core,Near coral,MC118_20101030_RB10D538PC02,-0.02,-0.05
MC118_20101030_LII10GOM4215,2010-10-30,LII-10-GOM-4215,RB-2010-GOM-538,28.85271,-88.49254,Gulf of Mexico | BOEM Lease Block MC118,BOEM Lease Block MC118,WGS84,883,883,Push core,Near coral,MC118_20101030_RB10D538PC02,-0.05,-0.1
MC118_20101030_LII10GOM4216,2010-10-30,LII-10-GOM-4216,RB-2010-GOM-538,28.85268,-88.49267,Gulf of Mexico | BOEM Lease Block MC118,BOEM Lease Block MC118,WGS84,882,882,Push core,Near coral,MC118_20101030_RB10D538PC04,-0,-0.02
MC118_20101030_LII10GOM4217,2010-10-30,LII-10-GOM-4217,RB-2010-GOM-538,28.85268,-88.49267,Gulf of Mexico | BOEM Lease Block MC118,BOEM Lease Block MC118,WGS84,882,882,Push core,Near coral,MC118_20101030_RB10D538PC04,-0.02,-0.05
MC118_20101030_LII10GOM4218,2010-10-30,LII-10-GOM-4218,RB-2010-GOM-538,28.85268,-88.49267,Gulf of Mexico | BOEM Lease Block MC118,BOEM Lease Block MC118,WGS84,882,882,Push core,Near coral,MC118_20101030_RB10D538PC04,-0.05,-0.1
MC118_20101030_LII10GOM4219,2010-10-30,LII-10-GOM-4219,RB-2010-GOM-538,28.85271,-88.49254,Gulf of Mexico | BOEM Lease Block MC118,BOEM Lease Block MC118,WGS84,883,883,Push core,Near coral,MC118_20101030_RB10D538PC05,-0,-0.02
MC118_20101030_LII10GOM4220,2010-10-30,LII-10-GOM-4220,RB-2010-GOM-538,28.85271,-88.49254,Gulf of Mexico | BOEM Lease Block MC118,BOEM Lease Block MC118,WGS84,883,883,Push core,Near coral,MC118_20101030_RB10D538PC05,-0.02,-0.05
MC118_20101030_LII10GOM4221,2010-10-30,LII-10-GOM-4221,RB-2010-GOM-538,28.85271,-88.49254,Gulf of Mexico | BOEM Lease Block MC118,BOEM Lease Block MC118,WGS84,883,883,Push core,Near coral,MC118_20101030_RB10D538PC05,-0.05,-0.1
MC118_20101030_LII10GOM4222,2010-10-30,LII-10-GOM-4222,RB-2010-GOM-538,28.85268,-88.49267,Gulf of Mexico | BOEM Lease Block MC118,BOEM Lease Block MC118,WGS84,882,882,Push core,Near coral,MC118_20101030_RB10D538PC06,-0,-0.02
MC118_20101030_LII10GOM4223,2010-10-30,LII-10-GOM-4223,RB-2010-GOM-538,28.85268,-88.49267,Gulf of Mexico | BOEM Lease Block MC118,BOEM Lease Block MC118,WGS84,882,882,Push core,Near coral,MC118_20101030_RB10D538PC06,-0.02,-0.05
MC118_20101030_LII10GOM4224,2010-10-30,LII-10-GOM-4224,RB-2010-GOM-538,28.85268,-88.49267,Gulf of Mexico | BOEM Lease Block MC118,BOEM Lease Block MC118,WGS84,882,882,Push core,Near coral,MC118_20101030_RB10D538PC06,-0.05,-0.1
MC118_20101030_LII10GOM4228,2010-10-30,LII-10-GOM-4228,RB-2010-GOM-538,28.85268,-88.49267,Gulf of Mexico | BOEM Lease Block MC118,BOEM Lease Block MC118,WGS84,882,882,Push core,Near coral,MC118_20101030_RB10D538PC08,-0,-0.02
MC118_20101030_LII10GOM4229,2010-10-30,LII-10-GOM-4229,RB-2010-GOM-538,28.85268,-88.49267,Gulf of Mexico | BOEM Lease Block MC118,BOEM Lease Block MC118,WGS84,882,882,Push core,Near coral,MC118_20101030_RB10D538PC08,-0.02,-0.05
MC118_20101030_LII10GOM4230,2010-10-30,LII-10-GOM-4230,RB-2010-GOM-538,28.85268,-88.49267,Gulf of Mexico | BOEM Lease Block MC118,BOEM Lease Block MC118,WGS84,882,882,Push core,Near coral,MC118_20101030_RB10D538PC08,-0.05,-0.1
MC118_20130625_NA028046a,2013-06-25,NA028-046a,NA028-H1261,28.85275,-88.49269,Gulf of Mexico | BOEM Lease Block MC118,BOEM Lease Block MC118,WGS84,884,884,Push core,Near coral,MC118_20130625_NA028046PC1,-0,-0.01
MC118_20130625_NA028046b,2013-06-25,NA028-046b,NA028-H1261,28.85275,-88.49269,Gulf of Mexico | BOEM Lease Block MC118,BOEM Lease Block MC118,WGS84,884,884,Push core,Near coral,MC118_20130625_NA028046PC1,-0.01,-0.03
MC118_20130625_NA028046c,2013-06-25,NA028-046c,NA028-H1261,28.85275,-88.49269,Gulf of Mexico | BOEM Lease Block MC118,BOEM Lease Block MC118,WGS84,884,884,Push core,Near coral,MC118_20130625_NA028046PC1,-0.03,-0.05
MC118_20130625_NA028046d,2013-06-25,NA028-046d,NA028-H1261,28.85275,-88.49269,Gulf of Mexico | BOEM Lease Block MC118,BOEM Lease Block MC118,WGS84,884,884,Push core,Near coral,MC118_20130625_NA028046PC1,-0.05,-0.1
MC118_20130625_NA028048a,2013-06-25,NA028-048a,NA028-H1261,28.85275,-88.49269,Gulf of Mexico | BOEM Lease Block MC118,BOEM Lease Block MC118,WGS84,884,884,Push core,Near coral,MC118_20130625_NA028048PC3,-0,-0.01
MC118_20130625_NA028048b,2013-06-25,NA028-048b,NA028-H1261,28.85275,-88.49269,Gulf of Mexico | BOEM Lease Block MC118,BOEM Lease Block MC118,WGS84,884,884,Push core,Near coral,MC118_20130625_NA028048PC3,-0.01,-0.03
MC118_20130625_NA028048c,2013-06-25,NA028-048c,NA028-H1261,28.85275,-88.49269,Gulf of Mexico | BOEM Lease Block MC118,BOEM Lease Block MC118,WGS84,884,884,Push core,Near coral,MC118_20130625_NA028048PC3,-0.03,-0.05
MC118_20130625_NA028048d,2013-06-25,NA028-048d,NA028-H1261,28.85275,-88.49269,Gulf of Mexico | BOEM Lease Block MC118,BOEM Lease Block MC118,WGS84,884,884,Push core,Near coral,MC118_20130625_NA028048PC3,-0.05,-0.07
MC118_20130625_NA028049a,2013-06-25,NA028-049a,NA028-H1261,28.85275,-88.49269,Gulf of Mexico | BOEM Lease Block MC118,BOEM Lease Block MC118,WGS84,884,884,Push core,Near coral,MC118_20130625_NA028049PC2,-0,-0.01
MC118_20130625_NA028049b,2013-06-25,NA028-049b,NA028-H1261,28.85275,-88.49269,Gulf of Mexico | BOEM Lease Block MC118,BOEM Lease Block MC118,WGS84,884,884,Push core,Near coral,MC118_20130625_NA028049PC2,-0.01,-0.03
MC118_20130625_NA028049c,2013-06-25,NA028-049c,NA028-H1261,28.85275,-88.49269,Gulf of Mexico | BOEM Lease Block MC118,BOEM Lease Block MC118,WGS84,884,884,Push core,Near coral,MC118_20130625_NA028049PC2,-0.03,-0.05
MC118_20130625_NA028049d,2013-06-25,NA028-049d,NA028-H1261,28.85275,-88.49269,Gulf of Mexico | BOEM Lease Block MC118,BOEM Lease Block MC118,WGS84,884,884,Push core,Near coral,MC118_20130625_NA028049PC2,-0.05,-0.1
MC118_20130625_NA028051a,2013-06-25,NA028-051a,NA028-H1261,28.85268,-88.49252,Gulf of Mexico | BOEM Lease Block MC118,BOEM Lease Block MC118,WGS84,883,883,Push core,Near coral,MC118_20130625_NA028051PC5,-0,-0.01
MC118_20130625_NA028051b,2013-06-25,NA028-051b,NA028-H1261,28.85268,-88.49252,Gulf of Mexico | BOEM Lease Block MC118,BOEM Lease Block MC118,WGS84,883,883,Push core,Near coral,MC118_20130625_NA028051PC5,-0.01,-0.03
MC118_20130625_NA028051c,2013-06-25,NA028-051c,NA028-H1261,28.85268,-88.49252,Gulf of Mexico | BOEM Lease Block MC118,BOEM Lease Block MC118,WGS84,883,883,Push core,Near coral,MC118_20130625_NA028051PC5,-0.03,-0.05
MC118_20130625_NA028051d,2013-06-25,NA028-051d,NA028-H1261,28.85268,-88.49252,Gulf of Mexico | BOEM Lease Block MC118,BOEM Lease Block MC118,WGS84,883,883,Push core,Near coral,MC118_20130625_NA028051PC5,-0.05,-0.1
AT357_20130627_NA028084a,2013-06-27,NA028-084a,NA028-H1264,27.58672,-89.70464,Gulf of Mexico | BOEM Lease Block AT357,BOEM Lease Block AT357,WGS84,1049,1049,Push core,Near coral,AT357_20130627_NA028084PC4,-0,-0.01
AT357_20130627_NA028084b,2013-06-27,NA028-084b,NA028-H1264,27.58672,-89.70464,Gulf of Mexico | BOEM Lease Block AT357,BOEM Lease Block AT357,WGS84,1049,1049,Push core,Near coral,AT357_20130627_NA028084PC4,-0.01,-0.03
AT357_20130627_NA028084c,2013-06-27,NA028-084c,NA028-H1264,27.58672,-89.70464,Gulf of Mexico | BOEM Lease Block AT357,BOEM Lease Block AT357,WGS84,1049,1049,Push core,Near coral,AT357_20130627_NA028084PC4,-0.03,-0.05
AT357_20130627_NA028084d,2013-06-27,NA028-084d,NA028-H1264,27.58672,-89.70464,Gulf of Mexico | BOEM Lease Block AT357,BOEM Lease Block AT357,WGS84,1049,1049,Push core,Near coral,AT357_20130627_NA028084PC4,-0.05,-0.1
AT357_20130627_NA028085a,2013-06-27,NA028-085a,NA028-H1264,27.58672,-89.70464,Gulf of Mexico | BOEM Lease Block AT357,BOEM Lease Block AT357,WGS84,1049,1049,Push core,Near coral,AT357_20130627_NA028085PC1,-0,-0.01
AT357_20130627_NA028085b,2013-06-27,NA028-085b,NA028-H1264,27.58672,-89.70464,Gulf of Mexico | BOEM Lease Block AT357,BOEM Lease Block AT357,WGS84,1049,1049,Push core,Near coral,AT357_20130627_NA028085PC1,-0.01,-0.03
AT357_20130627_NA028085c,2013-06-27,NA028-085c,NA028-H1264,27.58672,-89.70464,Gulf of Mexico | BOEM Lease Block AT357,BOEM Lease Block AT357,WGS84,1049,1049,Push core,Near coral,AT357_20130627_NA028085PC1,-0.03,-0.05
AT357_20130627_NA028085d,2013-06-27,NA028-085d,NA028-H1264,27.58672,-89.70464,Gulf of Mexico | BOEM Lease Block AT357,BOEM Lease Block AT357,WGS84,1049,1049,Push core,Near coral,AT357_20130627_NA028085PC1,-0.05,-0.1
AT357_20130627_NA028086a,2013-06-27,NA028-086a,NA028-H1264,27.58672,-89.70464,Gulf of Mexico | BOEM Lease Block AT357,BOEM Lease Block AT357,WGS84,1049,1049,Push core,Near coral,AT357_20130627_NA028086PC2,-0,-0.01
AT357_20130627_NA028086b,2013-06-27,NA028-086b,NA028-H1264,27.58672,-89.70464,Gulf of Mexico | BOEM Lease Block AT357,BOEM Lease Block AT357,WGS84,1049,1049,Push core,Near coral,AT357_20130627_NA028086PC2,-0.01,-0.03
AT357_20130627_NA028086c,2013-06-27,NA028-086c,NA028-H1264,27.58672,-89.70464,Gulf of Mexico | BOEM Lease Block AT357,BOEM Lease Block AT357,WGS84,1049,1049,Push core,Near coral,AT357_20130627_NA028086PC2,-0.03,-0.05
AT357_20130627_NA028086d,2013-06-27,NA028-086d,NA028-H1264,27.58672,-89.70464,Gulf of Mexico | BOEM Lease Block AT357,BOEM Lease Block AT357,WGS84,1049,1049,Push core,Near coral,AT357_20130627_NA028086PC2,-0.05,-0.1
AT357_20130629_NA028105a,2013-06-29,NA028-105a,NA028-H1266,27.58573,-89.70502,Gulf of Mexico | BOEM Lease Block AT357,BOEM Lease Block AT357,WGS84,1054,1054,Push core,Near coral,AT357_20130629_NA028105PC1,-0,-0.01
AT357_20130629_NA028105b,2013-06-29,NA028-105b,NA028-H1266,27.58573,-89.70502,Gulf of Mexico | BOEM Lease Block AT357,BOEM Lease Block AT357,WGS84,1054,1054,Push core,Near coral,AT357_20130629_NA028105PC1,-0.01,-0.03
AT357_20130629_NA028105c,2013-06-29,NA028-105c,NA028-H1266,27.58573,-89.70502,Gulf of Mexico | BOEM Lease Block AT357,BOEM Lease Block AT357,WGS84,1054,1054,Push core,Near coral,AT357_20130629_NA028105PC1,-0.03,-0.05
AT357_20130629_NA028105d,2013-06-29,NA028-105d,NA028-H1266,27.58573,-89.70502,Gulf of Mexico | BOEM Lease Block AT357,BOEM Lease Block AT357,WGS84,1054,1054,Push core,Near coral,AT357_20130629_NA028105PC1,-0.05,-0.1
AT357_20130629_NA028106a,2013-06-29,NA028-106a,NA028-H1266,27.58573,-89.70502,Gulf of Mexico | BOEM Lease Block AT357,BOEM Lease Block AT357,WGS84,1054,1054,Push core,Near coral,AT357_20130629_NA028106PC2,-0,-0.01
AT357_20130629_NA028106b,2013-06-29,NA028-106b,NA028-H1266,27.58573,-89.70502,Gulf of Mexico | BOEM Lease Block AT357,BOEM Lease Block AT357,WGS84,1054,1054,Push core,Near coral,AT357_20130629_NA028106PC2,-0.01,-0.03
AT357_20130629_NA028106c,2013-06-29,NA028-106c,NA028-H1266,27.58573,-89.70502,Gulf of Mexico | BOEM Lease Block AT357,BOEM Lease Block AT357,WGS84,1054,1054,Push core,Near coral,AT357_20130629_NA028106PC2,-0.03,-0.05
AT357_20130629_NA028106d,2013-06-29,NA028-106d,NA028-H1266,27.58573,-89.70502,Gulf of Mexico | BOEM Lease Block AT357,BOEM Lease Block AT357,WGS84,1054,1054,Push core,Near coral,AT357_20130629_NA028106PC2,-0.05,-0.1
AT357_20130629_NA028108a,2013-06-29,NA028-108a,NA028-H1266,27.58573,-89.70502,Gulf of Mexico | BOEM Lease Block AT357,BOEM Lease Block AT357,WGS84,1054,1054,Push core,Near coral,AT357_20130629_NA028108PC4,-0,-0.01
AT357_20130629_NA028108b,2013-06-29,NA028-108b,NA028-H1266,27.58573,-89.70502,Gulf of Mexico | BOEM Lease Block AT357,BOEM Lease Block AT357,WGS84,1054,1054,Push core,Near coral,AT357_20130629_NA028108PC4,-0.01,-0.03
AT357_20130629_NA028108c,2013-06-29,NA028-108c,NA028-H1266,27.58573,-89.70502,Gulf of Mexico | BOEM Lease Block AT357,BOEM Lease Block AT357,WGS84,1054,1054,Push core,Near coral,AT357_20130629_NA028108PC4,-0.03,-0.05
AT357_20130629_NA028108d,2013-06-29,NA028-108d,NA028-H1266,27.58573,-89.70502,Gulf of Mexico | BOEM Lease Block AT357,BOEM Lease Block AT357,WGS84,1054,1054,Push core,Near coral,AT357_20130629_NA028108PC4,-0.05,-0.1
MC036_20140627_NA043020A,2014-06-27,NA043-020A,NA043-H1335,28.93535,-88.20269,Gulf of Mexico | BOEM Lease Block MC036,BOEM Lease Block MC036,WGS84,1094,1094,Push core,Near coral,MC036_20140627_NA043020,-0,-0.02
MC036_20140627_NA043020B,2014-06-27,NA043-020B,NA043-H1335,28.93535,-88.20269,Gulf of Mexico | BOEM Lease Block MC036,BOEM Lease Block MC036,WGS84,1094,1094,Push core,Near coral,MC036_20140627_NA043020,-0.02,-0.05
MC036_20140627_NA043020C,2014-06-27,NA043-020C,NA043-H1335,28.93535,-88.20269,Gulf of Mexico | BOEM Lease Block MC036,BOEM Lease Block MC036,WGS84,1094,1094,Push core,Near coral,MC036_20140627_NA043020,-0.05,-0.1
MC036_20140627_NA043021A,2014-06-27,NA043-021A,NA043-H1335,28.93535,-88.20269,Gulf of Mexico | BOEM Lease Block MC036,BOEM Lease Block MC036,WGS84,1094,1094,Push core,Near coral,MC036_20140627_NA043021,-0,-0.02
MC036_20140627_NA043021B,2014-06-27,NA043-021B,NA043-H1335,28.93535,-88.20269,Gulf of Mexico | BOEM Lease Block MC036,BOEM Lease Block MC036,WGS84,1094,1094,Push core,Near coral,MC036_20140627_NA043021,-0.02,-0.05
MC036_20140627_NA043021C,2014-06-27,NA043-021C,NA043-H1335,28.93535,-88.20269,Gulf of Mexico | BOEM Lease Block MC036,BOEM Lease Block MC036,WGS84,1094,1094,Push core,Near coral,MC036_20140627_NA043021,-0.05,-0.1
MC036_20140627_NA043022A,2014-06-27,NA043-022A,NA043-H1335,28.93535,-88.20269,Gulf of Mexico | BOEM Lease Block MC036,BOEM Lease Block MC036,WGS84,1094,1094,Push core,Near coral,MC036_20140627_NA043022,-0,-0.02
MC036_20140627_NA043022B,2014-06-27,NA043-022B,NA043-H1335,28.93535,-88.20269,Gulf of Mexico | BOEM Lease Block MC036,BOEM Lease Block MC036,WGS84,1094,1094,Push core,Near coral,MC036_20140627_NA043022,-0.02,-0.05
MC036_20140627_NA043024A,2014-06-27,NA043-024A,NA043-H1335,28.93535,-88.20269,Gulf of Mexico | BOEM Lease Block MC036,BOEM Lease Block MC036,WGS84,1094,1094,Push core,Near coral,MC036_20140627_NA043024,-0,-0.02
MC036_20140627_NA043024B,2014-06-27,NA043-024B,NA043-H1335,28.93535,-88.20269,Gulf of Mexico | BOEM Lease Block MC036,BOEM Lease Block MC036,WGS84,1094,1094,Push core,Near coral,MC036_20140627_NA043024,-0.02,-0.05
MC036_20140627_NA043024C,2014-06-27,NA043-024C,NA043-H1335,28.93535,-88.20269,Gulf of Mexico | BOEM Lease Block MC036,BOEM Lease Block MC036,WGS84,1094,1094,Push core,Near coral,MC036_20140627_NA043024,-0.05,-0.1
AT47_20090824_RB09GOM047,2009-08-24,RB-09-GOM-047,RB-2009-GOM-457,27.88022,-89.78881,Gulf of Mexico | BOEM Lease Block AT47,BOEM Lease Block AT47,WGS84,840,840,Push core,Near coral,AT47_20090824_RB13D457PC03,-0,-0.01
AT47_20090824_RB09GOM048,2009-08-24,RB-09-GOM-048,RB-2009-GOM-457,27.88022,-89.78881,Gulf of Mexico | BOEM Lease Block AT47,BOEM Lease Block AT47,WGS84,840,840,Push core,Near coral,AT47_20090824_RB13D457PC03,-0.01,-0.02
AT47_20090824_RB09GOM049,2009-08-24,RB-09-GOM-049,RB-2009-GOM-457,27.88022,-89.78881,Gulf of Mexico | BOEM Lease Block AT47,BOEM Lease Block AT47,WGS84,840,840,Push core,Near coral,AT47_20090824_RB13D457PC03,-0.02,-0.03
AT47_20090824_RB09GOM050,2009-08-24,RB-09-GOM-050,RB-2009-GOM-457,27.88022,-89.78881,Gulf of Mexico | BOEM Lease Block AT47,BOEM Lease Block AT47,WGS84,840,840,Push core,Near coral,AT47_20090824_RB13D457PC03,-0.03,-0.05
AT47_20090824_RB09GOM051,2009-08-24,RB-09-GOM-051,RB-2009-GOM-457,27.88022,-89.78881,Gulf of Mexico | BOEM Lease Block AT47,BOEM Lease Block AT47,WGS84,840,840,Push core,Near coral,AT47_20090824_RB13D457PC03,-0.05,-0.07
AT47_20090824_RB09GOM052,2009-08-24,RB-09-GOM-052,RB-2009-GOM-457,27.88022,-89.78881,Gulf of Mexico | BOEM Lease Block AT47,BOEM Lease Block AT47,WGS84,840,840,Push core,Near coral,AT47_20090824_RB13D457PC03,-0.07,-0.1
AT47_20090824_RB09GOM053,2009-08-24,RB-09-GOM-053,RB-2009-GOM-457,27.88022,-89.78881,Gulf of Mexico | BOEM Lease Block AT47,BOEM Lease Block AT47,WGS84,840,840,Push core,Near coral,AT47_20090824_RB13D457PC04,-0,-0.01
AT47_20090824_RB09GOM054,2009-08-24,RB-09-GOM-054,RB-2009-GOM-457,27.88022,-89.78881,Gulf of Mexico | BOEM Lease Block AT47,BOEM Lease Block AT47,WGS84,840,840,Push core,Near coral,AT47_20090824_RB13D457PC04,-0.01,-0.02
AT47_20090824_RB09GOM055,2009-08-24,RB-09-GOM-055,RB-2009-GOM-457,27.88022,-89.78881,Gulf of Mexico | BOEM Lease Block AT47,BOEM Lease Block AT47,WGS84,840,840,Push core,Near coral,AT47_20090824_RB13D457PC04,-0.02,-0.03
AT47_20090824_RB09GOM056,2009-08-24,RB-09-GOM-056,RB-2009-GOM-457,27.88022,-89.78881,Gulf of Mexico | BOEM Lease Block AT47,BOEM Lease Block AT47,WGS84,840,840,Push core,Near coral,AT47_20090824_RB13D457PC04,-0.03,-0.05
AT47_20090824_RB09GOM057,2009-08-24,RB-09-GOM-057,RB-2009-GOM-457,27.88022,-89.78881,Gulf of Mexico | BOEM Lease Block AT47,BOEM Lease Block AT47,WGS84,840,840,Push core,Near coral,AT47_20090824_RB13D457PC04,-0.05,-0.07
AT47_20090824_RB09GOM058,2009-08-24,RB-09-GOM-058,RB-2009-GOM-457,27.88022,-89.78881,Gulf of Mexico | BOEM Lease Block AT47,BOEM Lease Block AT47,WGS84,840,840,Push core,Near coral,AT47_20090824_RB13D457PC04,-0.07,-0.1
AT47_20090824_RB09GOM059,2009-08-24,RB-09-GOM-059,RB-2009-GOM-457,27.88022,-89.78881,Gulf of Mexico | BOEM Lease Block AT47,BOEM Lease Block AT47,WGS84,840,840,Push core,Near coral,AT47_20090824_RB13D457PC05,-0,-0.01
AT47_20090824_RB09GOM060,2009-08-24,RB-09-GOM-060,RB-2009-GOM-457,27.88022,-89.78881,Gulf of Mexico | BOEM Lease Block AT47,BOEM Lease Block AT47,WGS84,840,840,Push core,Near coral,AT47_20090824_RB13D457PC05,-0.01,-0.02
AT47_20090824_RB09GOM061,2009-08-24,RB-09-GOM-061,RB-2009-GOM-457,27.88022,-89.78881,Gulf of Mexico | BOEM Lease Block AT47,BOEM Lease Block AT47,WGS84,840,840,Push core,Near coral,AT47_20090824_RB13D457PC05,-0.02,-0.03
AT47_20090824_RB09GOM062,2009-08-24,RB-09-GOM-062,RB-2009-GOM-457,27.88022,-89.78881,Gulf of Mexico | BOEM Lease Block AT47,BOEM Lease Block AT47,WGS84,840,840,Push core,Near coral,AT47_20090824_RB13D457PC05,-0.03,-0.05
AT47_20090824_RB09GOM063,2009-08-24,RB-09-GOM-063,RB-2009-GOM-457,27.88022,-89.78881,Gulf of Mexico | BOEM Lease Block AT47,BOEM Lease Block AT47,WGS84,840,840,Push core,Near coral,AT47_20090824_RB13D457PC05,-0.05,-0.07
AT47_20090824_RB09GOM064,2009-08-24,RB-09-GOM-064,RB-2009-GOM-457,27.88022,-89.78881,Gulf of Mexico | BOEM Lease Block AT47,BOEM Lease Block AT47,WGS84,840,840,Push core,Near coral,AT47_20090824_RB13D457PC05,-0.07,-0.1
AT47_20090824_RB09GOM065,2009-08-24,RB-09-GOM-065,RB-2009-GOM-457,27.8898,-89.79443,Gulf of Mexico | BOEM Lease Block AT47,BOEM Lease Block AT47,WGS84,837,837,Push core,Background coral,AT47_20090824_RB13D457PC06,-0,-0.01
AT47_20090824_RB09GOM066,2009-08-24,RB-09-GOM-066,RB-2009-GOM-457,27.8898,-89.79443,Gulf of Mexico | BOEM Lease Block AT47,BOEM Lease Block AT47,WGS84,837,837,Push core,Background coral,AT47_20090824_RB13D457PC06,-0.01,-0.02
AT47_20090824_RB09GOM067,2009-08-24,RB-09-GOM-067,RB-2009-GOM-457,27.8898,-89.79443,Gulf of Mexico | BOEM Lease Block AT47,BOEM Lease Block AT47,WGS84,837,837,Push core,Background coral,AT47_20090824_RB13D457PC06,-0.02,-0.03
AT47_20090824_RB09GOM068,2009-08-24,RB-09-GOM-068,RB-2009-GOM-457,27.8898,-89.79443,Gulf of Mexico | BOEM Lease Block AT47,BOEM Lease Block AT47,WGS84,837,837,Push core,Background coral,AT47_20090824_RB13D457PC06,-0.03,-0.05
AT47_20090824_RB09GOM069,2009-08-24,RB-09-GOM-069,RB-2009-GOM-457,27.8898,-89.79443,Gulf of Mexico | BOEM Lease Block AT47,BOEM Lease Block AT47,WGS84,837,837,Push core,Background coral,AT47_20090824_RB13D457PC06,-0.05,-0.07
AT47_20090824_RB09GOM070,2009-08-24,RB-09-GOM-070,RB-2009-GOM-457,27.8898,-89.79443,Gulf of Mexico | BOEM Lease Block AT47,BOEM Lease Block AT47,WGS84,837,837,Push core,Background coral,AT47_20090824_RB13D457PC06,-0.07,-0.1
AT47_20090824_RB09GOM071,2009-08-24,RB-09-GOM-071,RB-2009-GOM-457,27.8898,-89.79443,Gulf of Mexico | BOEM Lease Block AT47,BOEM Lease Block AT47,WGS84,837,837,Push core,Background coral,AT47_20090824_RB13D457PC09,-0,-0.01
AT47_20090824_RB09GOM072,2009-08-24,RB-09-GOM-072,RB-2009-GOM-457,27.8898,-89.79443,Gulf of Mexico | BOEM Lease Block AT47,BOEM Lease Block AT47,WGS84,837,837,Push core,Background coral,AT47_20090824_RB13D457PC09,-0.01,-0.02
AT47_20090824_RB09GOM073,2009-08-24,RB-09-GOM-073,RB-2009-GOM-457,27.8898,-89.79443,Gulf of Mexico | BOEM Lease Block AT47,BOEM Lease Block AT47,WGS84,837,837,Push core,Background coral,AT47_20090824_RB13D457PC09,-0.02,-0.03
AT47_20090824_RB09GOM074,2009-08-24,RB-09-GOM-074,RB-2009-GOM-457,27.8898,-89.79443,Gulf of Mexico | BOEM Lease Block AT47,BOEM Lease Block AT47,WGS84,837,837,Push core,Background coral,AT47_20090824_RB13D457PC09,-0.03,-0.05
AT47_20090824_RB09GOM075,2009-08-24,RB-09-GOM-075,RB-2009-GOM-457,27.8898,-89.79443,Gulf of Mexico | BOEM Lease Block AT47,BOEM Lease Block AT47,WGS84,837,837,Push core,Background coral,AT47_20090824_RB13D457PC09,-0.05,-0.07
AT47_20090824_RB09GOM076,2009-08-24,RB-09-GOM-076,RB-2009-GOM-457,27.8898,-89.79443,Gulf of Mexico | BOEM Lease Block AT47,BOEM Lease Block AT47,WGS84,837,837,Push core,Background coral,AT47_20090824_RB13D457PC09,-0.07,-0.1
AT47_20090824_RB09GOM077,2009-08-24,RB-09-GOM-077,RB-2009-GOM-457,27.8898,-89.79443,Gulf of Mexico | BOEM Lease Block AT47,BOEM Lease Block AT47,WGS84,837,837,Push core,Background coral,AT47_20090824_RB13D457PC10,-0,-0.01
AT47_20090824_RB09GOM078,2009-08-24,RB-09-GOM-078,RB-2009-GOM-457,27.8898,-89.79443,Gulf of Mexico | BOEM Lease Block AT47,BOEM Lease Block AT47,WGS84,837,837,Push core,Background coral,AT47_20090824_RB13D457PC10,-0.01,-0.02
AT47_20090824_RB09GOM079,2009-08-24,RB-09-GOM-079,RB-2009-GOM-457,27.8898,-89.79443,Gulf of Mexico | BOEM Lease Block AT47,BOEM Lease Block AT47,WGS84,837,837,Push core,Background coral,AT47_20090824_RB13D457PC10,-0.02,-0.03
AT47_20090824_RB09GOM080,2009-08-24,RB-09-GOM-080,RB-2009-GOM-457,27.8898,-89.79443,Gulf of Mexico | BOEM Lease Block AT47,BOEM Lease Block AT47,WGS84,837,837,Push core,Background coral,AT47_20090824_RB13D457PC10,-0.03,-0.05
AT47_20090824_RB09GOM081,2009-08-24,RB-09-GOM-081,RB-2009-GOM-457,27.8898,-89.79443,Gulf of Mexico | BOEM Lease Block AT47,BOEM Lease Block AT47,WGS84,837,837,Push core,Background coral,AT47_20090824_RB13D457PC10,-0.05,-0.07
AT47_20090824_RB09GOM082,2009-08-24,RB-09-GOM-082,RB-2009-GOM-457,27.8898,-89.79443,Gulf of Mexico | BOEM Lease Block AT47,BOEM Lease Block AT47,WGS84,837,837,Push core,Background coral,AT47_20090824_RB13D457PC10,-0.07,-0.1
GB299_20090826_RB09GOM083,2009-08-26,RB-09-GOM-083,RB-2009-GOM-459,27.68629,-92.23075,Gulf of Mexico | BOEM Lease Block GB299,BOEM Lease Block GB299,WGS84,359,359,Push core,Near coral,GB299_20090826_RB13D459PC01,-0,-0.02
GB299_20090826_RB09GOM084,2009-08-26,RB-09-GOM-084,RB-2009-GOM-459,27.68629,-92.23075,Gulf of Mexico | BOEM Lease Block GB299,BOEM Lease Block GB299,WGS84,359,359,Push core,Near coral,GB299_20090826_RB13D459PC01,-0.02,-0.05
GB299_20090826_RB09GOM085,2009-08-26,RB-09-GOM-085,RB-2009-GOM-459,27.68629,-92.23075,Gulf of Mexico | BOEM Lease Block GB299,BOEM Lease Block GB299,WGS84,359,359,Push core,Near coral,GB299_20090826_RB13D459PC01,-0.05,-0.1
GB299_20090826_RB09GOM086,2009-08-26,RB-09-GOM-086,RB-2009-GOM-459,27.68619,-92.23089,Gulf of Mexico | BOEM Lease Block GB299,BOEM Lease Block GB299,WGS84,355,355,Push core,Background coral,GB299_20090826_RB13D459PC02,-0,-0.02
GB299_20090826_RB09GOM087,2009-08-26,RB-09-GOM-087,RB-2009-GOM-459,27.68619,-92.23089,Gulf of Mexico | BOEM Lease Block GB299,BOEM Lease Block GB299,WGS84,355,355,Push core,Background coral,GB299_20090826_RB13D459PC02,-0.02,-0.05
GB299_20090826_RB09GOM088,2009-08-26,RB-09-GOM-088,RB-2009-GOM-459,27.68619,-92.23089,Gulf of Mexico | BOEM Lease Block GB299,BOEM Lease Block GB299,WGS84,355,355,Push core,Background coral,GB299_20090826_RB13D459PC02,-0.05,-0.1
GB299_20090826_RB09GOM089,2009-08-26,RB-09-GOM-089,RB-2009-GOM-459,27.68619,-92.23089,Gulf of Mexico | BOEM Lease Block GB299,BOEM Lease Block GB299,WGS84,355,355,Push core,Background coral,GB299_20090826_RB13D459PC03,-0,-0.02
GB299_20090826_RB09GOM090,2009-08-26,RB-09-GOM-090,RB-2009-GOM-459,27.68619,-92.23089,Gulf of Mexico | BOEM Lease Block GB299,BOEM Lease Block GB299,WGS84,355,355,Push core,Background coral,GB299_20090826_RB13D459PC03,-0.02,-0.05
GB299_20090826_RB09GOM091,2009-08-26,RB-09-GOM-091,RB-2009-GOM-459,27.68619,-92.23089,Gulf of Mexico | BOEM Lease Block GB299,BOEM Lease Block GB299,WGS84,355,355,Push core,Background coral,GB299_20090826_RB13D459PC03,-0.05,-0.1
GB299_20090826_RB09GOM092,2009-08-26,RB-09-GOM-092,RB-2009-GOM-459,27.68629,-92.23075,Gulf of Mexico | BOEM Lease Block GB299,BOEM Lease Block GB299,WGS84,359,359,Push core,Near coral,GB299_20090826_RB13D459PC04,-0,-0.02
GB299_20090826_RB09GOM093,2009-08-26,RB-09-GOM-093,RB-2009-GOM-459,27.68629,-92.23075,Gulf of Mexico | BOEM Lease Block GB299,BOEM Lease Block GB299,WGS84,359,359,Push core,Near coral,GB299_20090826_RB13D459PC04,-0.02,-0.05
GB299_20090826_RB09GOM094,2009-08-26,RB-09-GOM-094,RB-2009-GOM-459,27.68629,-92.23075,Gulf of Mexico | BOEM Lease Block GB299,BOEM Lease Block GB299,WGS84,359,359,Push core,Near coral,GB299_20090826_RB13D459PC04,-0.05,-0.1
GB299_20090826_RB09GOM095,2009-08-26,RB-09-GOM-095,RB-2009-GOM-459,27.68619,-92.23089,Gulf of Mexico | BOEM Lease Block GB299,BOEM Lease Block GB299,WGS84,355,355,Push core,Background coral,GB299_20090826_RB13D459PC05,-0,-0.02
GB299_20090826_RB09GOM096,2009-08-26,RB-09-GOM-096,RB-2009-GOM-459,27.68619,-92.23089,Gulf of Mexico | BOEM Lease Block GB299,BOEM Lease Block GB299,WGS84,355,355,Push core,Background coral,GB299_20090826_RB13D459PC05,-0.02,-0.05
GB299_20090826_RB09GOM097,2009-08-26,RB-09-GOM-097,RB-2009-GOM-459,27.68619,-92.23089,Gulf of Mexico | BOEM Lease Block GB299,BOEM Lease Block GB299,WGS84,355,355,Push core,Background coral,GB299_20090826_RB13D459PC05,-0.05,-0.1
GB299_20090826_RB09GOM098,2009-08-26,RB-09-GOM-098,RB-2009-GOM-459,27.68629,-92.23075,Gulf of Mexico | BOEM Lease Block GB299,BOEM Lease Block GB299,WGS84,359,359,Push core,Near coral,GB299_20090826_RB13D459PC06,-0,-0.02
GB299_20090826_RB09GOM099,2009-08-26,RB-09-GOM-099,RB-2009-GOM-459,27.68629,-92.23075,Gulf of Mexico | BOEM Lease Block GB299,BOEM Lease Block GB299,WGS84,359,359,Push core,Near coral,GB299_20090826_RB13D459PC06,-0.02,-0.05
GB299_20090826_RB09GOM100,2009-08-26,RB-09-GOM-100,RB-2009-GOM-459,27.68629,-92.23075,Gulf of Mexico | BOEM Lease Block GB299,BOEM Lease Block GB299,WGS84,359,359,Push core,Near coral,GB299_20090826_RB13D459PC06,-0.05,-0.1
GB299_20090826_RB09GOM101,2009-08-26,RB-09-GOM-101,RB-2009-GOM-459,27.68629,-92.23075,Gulf of Mexico | BOEM Lease Block GB299,BOEM Lease Block GB299,WGS84,359,359,Push core,Near coral,GB299_20090826_RB13D459PC07,-0,-0.02
GB299_20090826_RB09GOM102,2009-08-26,RB-09-GOM-102,RB-2009-GOM-459,27.68629,-92.23075,Gulf of Mexico | BOEM Lease Block GB299,BOEM Lease Block GB299,WGS84,359,359,Push core,Near coral,GB299_20090826_RB13D459PC07,-0.02,-0.05
GB299_20090826_RB09GOM103,2009-08-26,RB-09-GOM-103,RB-2009-GOM-459,27.68629,-92.23075,Gulf of Mexico | BOEM Lease Block GB299,BOEM Lease Block GB299,WGS84,359,359,Push core,Near coral,GB299_20090826_RB13D459PC07,-0.05,-0.1
GB299_20090826_RB09GOM104,2009-08-26,RB-09-GOM-104,RB-2009-GOM-459,27.68629,-92.23075,Gulf of Mexico | BOEM Lease Block GB299,BOEM Lease Block GB299,WGS84,359,359,Push core,Near coral,GB299_20090826_RB13D459PC08,-0,-0.02
GB299_20090826_RB09GOM105,2009-08-26,RB-09-GOM-105,RB-2009-GOM-459,27.68629,-92.23075,Gulf of Mexico | BOEM Lease Block GB299,BOEM Lease Block GB299,WGS84,359,359,Push core,Near coral,GB299_20090826_RB13D459PC08,-0.02,-0.05
GB299_20090826_RB09GOM106,2009-08-26,RB-09-GOM-106,RB-2009-GOM-459,27.68629,-92.23075,Gulf of Mexico | BOEM Lease Block GB299,BOEM Lease Block GB299,WGS84,359,359,Push core,Near coral,GB299_20090826_RB13D459PC08,-0.05,-0.1
GB299_20090826_RB09GOM107,2009-08-26,RB-09-GOM-107,RB-2009-GOM-459,27.68619,-92.23089,Gulf of Mexico | BOEM Lease Block GB299,BOEM Lease Block GB299,WGS84,355,355,Push core,Background coral,GB299_20090826_RB13D459PC09,-0,-0.02
GB299_20090826_RB09GOM108,2009-08-26,RB-09-GOM-108,RB-2009-GOM-459,27.68619,-92.23089,Gulf of Mexico | BOEM Lease Block GB299,BOEM Lease Block GB299,WGS84,355,355,Push core,Background coral,GB299_20090826_RB13D459PC09,-0.02,-0.05
GB299_20090826_RB09GOM109,2009-08-26,RB-09-GOM-109,RB-2009-GOM-459,27.68619,-92.23089,Gulf of Mexico | BOEM Lease Block GB299,BOEM Lease Block GB299,WGS84,355,355,Push core,Background coral,GB299_20090826_RB13D459PC09,-0.05,-0.1
GB299_20090826_RB09GOM110,2009-08-26,RB-09-GOM-110,RB-2009-GOM-459,27.68619,-92.23089,Gulf of Mexico | BOEM Lease Block GB299,BOEM Lease Block GB299,WGS84,355,355,Push core,Background coral,GB299_20090826_RB13D459PC10,-0,-0.02
GB299_20090826_RB09GOM111,2009-08-26,RB-09-GOM-111,RB-2009-GOM-459,27.68619,-92.23089,Gulf of Mexico | BOEM Lease Block GB299,BOEM Lease Block GB299,WGS84,355,355,Push core,Background coral,GB299_20090826_RB13D459PC10,-0.02,-0.05
GB299_20090826_RB09GOM112,2009-08-26,RB-09-GOM-112,RB-2009-GOM-459,27.68619,-92.23089,Gulf of Mexico | BOEM Lease Block GB299,BOEM Lease Block GB299,WGS84,355,355,Push core,Background coral,GB299_20090826_RB13D459PC10,-0.05,-0.1
MC751_20090901_RB09GOM168,2009-09-01,RB-09-GOM-168,RB-2009-GOM-464,28.19367,-89.79883,Gulf of Mexico | BOEM Lease Block MC751,BOEM Lease Block MC751,WGS84,440,440,Push core,Near coral,MC751_20090901_RB13D464PC01,-0,-0.02
MC751_20090901_RB09GOM169,2009-09-01,RB-09-GOM-169,RB-2009-GOM-464,28.19367,-89.79883,Gulf of Mexico | BOEM Lease Block MC751,BOEM Lease Block MC751,WGS84,440,440,Push core,Near coral,MC751_20090901_RB13D464PC01,-0.02,-0.05
MC751_20090901_RB09GOM170,2009-09-01,RB-09-GOM-170,RB-2009-GOM-464,28.19367,-89.79883,Gulf of Mexico | BOEM Lease Block MC751,BOEM Lease Block MC751,WGS84,440,440,Push core,Near coral,MC751_20090901_RB13D464PC01,-0.05,-0.1
MC751_20090901_RB09GOM171,2009-09-01,RB-09-GOM-171,RB-2009-GOM-464,28.19367,-89.79883,Gulf of Mexico | BOEM Lease Block MC751,BOEM Lease Block MC751,WGS84,440,440,Push core,Near coral,MC751_20090901_RB13D464PC02,-0,-0.02
MC751_20090901_RB09GOM172,2009-09-01,RB-09-GOM-172,RB-2009-GOM-464,28.19367,-89.79883,Gulf of Mexico | BOEM Lease Block MC751,BOEM Lease Block MC751,WGS84,440,440,Push core,Near coral,MC751_20090901_RB13D464PC02,-0.02,-0.05
MC751_20090901_RB09GOM173,2009-09-01,RB-09-GOM-173,RB-2009-GOM-464,28.19367,-89.79883,Gulf of Mexico | BOEM Lease Block MC751,BOEM Lease Block MC751,WGS84,440,440,Push core,Near coral,MC751_20090901_RB13D464PC02,-0.05,-0.08
MC751_20090901_RB09GOM179,2009-09-01,RB-09-GOM-179,RB-2009-GOM-464,28.19367,-89.79883,Gulf of Mexico | BOEM Lease Block MC751,BOEM Lease Block MC751,WGS84,440,440,Push core,Near coral,MC751_20090901_RB13D464PC05,-0,-0.02
MC751_20090901_RB09GOM180,2009-09-01,RB-09-GOM-180,RB-2009-GOM-464,28.19367,-89.79883,Gulf of Mexico | BOEM Lease Block MC751,BOEM Lease Block MC751,WGS84,440,440,Push core,Near coral,MC751_20090901_RB13D464PC05,-0.02,-0.05
MC751_20090901_RB09GOM181,2009-09-01,RB-09-GOM-181,RB-2009-GOM-464,28.19367,-89.79883,Gulf of Mexico | BOEM Lease Block MC751,BOEM Lease Block MC751,WGS84,440,440,Push core,Near coral,MC751_20090901_RB13D464PC05,-0.05,-0.1
MC751_20090901_RB09GOM188,2009-09-01,RB-09-GOM-188,RB-2009-GOM-464,28.19871,-89.80104,Gulf of Mexico | BOEM Lease Block MC751,BOEM Lease Block MC751,WGS84,431,431,Push core,Background coral,MC751_20090901_RB13D464PC08,-0,-0.02
MC751_20090901_RB09GOM189,2009-09-01,RB-09-GOM-189,RB-2009-GOM-464,28.19871,-89.80104,Gulf of Mexico | BOEM Lease Block MC751,BOEM Lease Block MC751,WGS84,431,431,Push core,Background coral,MC751_20090901_RB13D464PC08,-0.02,-0.05
MC751_20090901_RB09GOM190,2009-09-01,RB-09-GOM-190,RB-2009-GOM-464,28.19871,-89.80104,Gulf of Mexico | BOEM Lease Block MC751,BOEM Lease Block MC751,WGS84,431,431,Push core,Background coral,MC751_20090901_RB13D464PC08,-0.05,-0.1
MC751_20090901_RB09GOM191,2009-09-01,RB-09-GOM-191,RB-2009-GOM-464,28.19871,-89.80104,Gulf of Mexico | BOEM Lease Block MC751,BOEM Lease Block MC751,WGS84,431,431,Push core,Background coral,MC751_20090901_RB13D464PC09,-0,-0.02
MC751_20090901_RB09GOM192,2009-09-01,RB-09-GOM-192,RB-2009-GOM-464,28.19871,-89.80104,Gulf of Mexico | BOEM Lease Block MC751,BOEM Lease Block MC751,WGS84,431,431,Push core,Background coral,MC751_20090901_RB13D464PC09,-0.02,-0.05
MC751_20090901_RB09GOM193,2009-09-01,RB-09-GOM-193,RB-2009-GOM-464,28.19871,-89.80104,Gulf of Mexico | BOEM Lease Block MC751,BOEM Lease Block MC751,WGS84,431,431,Push core,Background coral,MC751_20090901_RB13D464PC09,-0.05,-0.1
VK906_20090902_RB09GOM200,2009-09-02,RB-09-GOM-200,RB-2009-GOM-465,29.06964,-88.3771,Gulf of Mexico | BOEM Lease Block VK906,BOEM Lease Block VK906,WGS84,388,388,Push core,Near coral,VK906_20090902_RB13D465PC01,-0,-0.02
VK906_20090902_RB09GOM201,2009-09-02,RB-09-GOM-201,RB-2009-GOM-465,29.06964,-88.3771,Gulf of Mexico | BOEM Lease Block VK906,BOEM Lease Block VK906,WGS84,388,388,Push core,Near coral,VK906_20090902_RB13D465PC01,-0.02,-0.05
VK906_20090902_RB09GOM202,2009-09-02,RB-09-GOM-202,RB-2009-GOM-465,29.06964,-88.3771,Gulf of Mexico | BOEM Lease Block VK906,BOEM Lease Block VK906,WGS84,388,388,Push core,Near coral,VK906_20090902_RB13D465PC01,-0.05,-0.1
VK906_20090902_RB09GOM203,2009-09-02,RB-09-GOM-203,RB-2009-GOM-465,29.06964,-88.3771,Gulf of Mexico | BOEM Lease Block VK906,BOEM Lease Block VK906,WGS84,388,388,Push core,Near coral,VK906_20090902_RB13D465PC02,-0,-0.02
VK906_20090902_RB09GOM204,2009-09-02,RB-09-GOM-204,RB-2009-GOM-465,29.06964,-88.3771,Gulf of Mexico | BOEM Lease Block VK906,BOEM Lease Block VK906,WGS84,388,388,Push core,Near coral,VK906_20090902_RB13D465PC02,-0.02,-0.05
VK906_20090902_RB09GOM205,2009-09-02,RB-09-GOM-205,RB-2009-GOM-465,29.06964,-88.3771,Gulf of Mexico | BOEM Lease Block VK906,BOEM Lease Block VK906,WGS84,388,388,Push core,Near coral,VK906_20090902_RB13D465PC02,-0.05,-0.1
VK906_20090902_RB09GOM206,2009-09-02,RB-09-GOM-206,RB-2009-GOM-465,29.06964,-88.3771,Gulf of Mexico | BOEM Lease Block VK906,BOEM Lease Block VK906,WGS84,388,388,Push core,Near coral,VK906_20090902_RB13D465PC03,-0,-0.02
VK906_20090902_RB09GOM207,2009-09-02,RB-09-GOM-207,RB-2009-GOM-465,29.06964,-88.3771,Gulf of Mexico | BOEM Lease Block VK906,BOEM Lease Block VK906,WGS84,388,388,Push core,Near coral,VK906_20090902_RB13D465PC03,-0.02,-0.05
VK906_20090902_RB09GOM208,2009-09-02,RB-09-GOM-208,RB-2009-GOM-465,29.06964,-88.3771,Gulf of Mexico | BOEM Lease Block VK906,BOEM Lease Block VK906,WGS84,388,388,Push core,Near coral,VK906_20090902_RB13D465PC03,-0.05,-0.1
VK906_20090902_RB09GOM209,2009-09-02,RB-09-GOM-209,RB-2009-GOM-465,29.06917,-88.37759,Gulf of Mexico | BOEM Lease Block VK906,BOEM Lease Block VK906,WGS84,393,393,Push core,Near coral,VK906_20090902_RB13D465PC04,-0,-0.02
VK906_20090902_RB09GOM210,2009-09-02,RB-09-GOM-210,RB-2009-GOM-465,29.06917,-88.37759,Gulf of Mexico | BOEM Lease Block VK906,BOEM Lease Block VK906,WGS84,393,393,Push core,Near coral,VK906_20090902_RB13D465PC04,-0.02,-0.05
VK906_20090902_RB09GOM211,2009-09-02,RB-09-GOM-211,RB-2009-GOM-465,29.06917,-88.37759,Gulf of Mexico | BOEM Lease Block VK906,BOEM Lease Block VK906,WGS84,393,393,Push core,Near coral,VK906_20090902_RB13D465PC04,-0.05,-0.1
VK906_20090902_RB09GOM212,2009-09-02,RB-09-GOM-212,RB-2009-GOM-465,29.06917,-88.37759,Gulf of Mexico | BOEM Lease Block VK906,BOEM Lease Block VK906,WGS84,393,393,Push core,Near coral,VK906_20090902_RB13D465PC05,-0,-0.02
VK906_20090902_RB09GOM213,2009-09-02,RB-09-GOM-213,RB-2009-GOM-465,29.06917,-88.37759,Gulf of Mexico | BOEM Lease Block VK906,BOEM Lease Block VK906,WGS84,393,393,Push core,Near coral,VK906_20090902_RB13D465PC05,-0.02,-0.05
VK906_20090902_RB09GOM214,2009-09-02,RB-09-GOM-214,RB-2009-GOM-465,29.06917,-88.37759,Gulf of Mexico | BOEM Lease Block VK906,BOEM Lease Block VK906,WGS84,393,393,Push core,Near coral,VK906_20090902_RB13D465PC05,-0.05,-0.08
VK906_20090902_RB09GOM215,2009-09-02,RB-09-GOM-215,RB-2009-GOM-465,29.06725,-88.38017,Gulf of Mexico | BOEM Lease Block VK906,BOEM Lease Block VK906,WGS84,432,432,Push core,Background coral,VK906_20090902_RB13D465PC06,-0,-0.02
VK906_20090902_RB09GOM216,2009-09-02,RB-09-GOM-216,RB-2009-GOM-465,29.06725,-88.38017,Gulf of Mexico | BOEM Lease Block VK906,BOEM Lease Block VK906,WGS84,432,432,Push core,Background coral,VK906_20090902_RB13D465PC06,-0.02,-0.05
VK906_20090902_RB09GOM217,2009-09-02,RB-09-GOM-217,RB-2009-GOM-465,29.06725,-88.38017,Gulf of Mexico | BOEM Lease Block VK906,BOEM Lease Block VK906,WGS84,432,432,Push core,Background coral,VK906_20090902_RB13D465PC06,-0.05,-0.07
VK906_20090902_RB09GOM218,2009-09-02,RB-09-GOM-218,RB-2009-GOM-465,29.06725,-88.38017,Gulf of Mexico | BOEM Lease Block VK906,BOEM Lease Block VK906,WGS84,432,432,Push core,Background coral,VK906_20090902_RB13D465PC07,-0,-0.02
VK906_20090902_RB09GOM219,2009-09-02,RB-09-GOM-219,RB-2009-GOM-465,29.06725,-88.38017,Gulf of Mexico | BOEM Lease Block VK906,BOEM Lease Block VK906,WGS84,432,432,Push core,Background coral,VK906_20090902_RB13D465PC07,-0.02,-0.05
VK906_20090902_RB09GOM220,2009-09-02,RB-09-GOM-220,RB-2009-GOM-465,29.06725,-88.38017,Gulf of Mexico | BOEM Lease Block VK906,BOEM Lease Block VK906,WGS84,432,432,Push core,Background coral,VK906_20090902_RB13D465PC07,-0.05,-0.1
VK906_20090902_RB09GOM221,2009-09-02,RB-09-GOM-221,RB-2009-GOM-465,29.06725,-88.38017,Gulf of Mexico | BOEM Lease Block VK906,BOEM Lease Block VK906,WGS84,432,432,Push core,Background coral,VK906_20090902_RB13D465PC08,-0,-0.02
VK906_20090902_RB09GOM222,2009-09-02,RB-09-GOM-222,RB-2009-GOM-465,29.06725,-88.38017,Gulf of Mexico | BOEM Lease Block VK906,BOEM Lease Block VK906,WGS84,432,432,Push core,Background coral,VK906_20090902_RB13D465PC08,-0.02,-0.05
VK906_20090902_RB09GOM223,2009-09-02,RB-09-GOM-223,RB-2009-GOM-465,29.06725,-88.38017,Gulf of Mexico | BOEM Lease Block VK906,BOEM Lease Block VK906,WGS84,432,432,Push core,Background coral,VK906_20090902_RB13D465PC08,-0.05,-0.1
VK906_20090902_RB09GOM224,2009-09-02,RB-09-GOM-224,RB-2009-GOM-465,29.06917,-88.37759,Gulf of Mexico | BOEM Lease Block VK906,BOEM Lease Block VK906,WGS84,393,393,Push core,Near coral,VK906_20090902_RB13D465PC10,-0,-0.02
VK906_20090902_RB09GOM225,2009-09-02,RB-09-GOM-225,RB-2009-GOM-465,29.06917,-88.37759,Gulf of Mexico | BOEM Lease Block VK906,BOEM Lease Block VK906,WGS84,393,393,Push core,Near coral,VK906_20090902_RB13D465PC10,-0.02,-0.05
VK906_20090902_RB09GOM226,2009-09-02,RB-09-GOM-226,RB-2009-GOM-465,29.06917,-88.37759,Gulf of Mexico | BOEM Lease Block VK906,BOEM Lease Block VK906,WGS84,393,393,Push core,Near coral,VK906_20090902_RB13D465PC10,-0.05,-0.1
VK826_20090903_RB09GOM230,2009-09-03,RB-09-GOM-230,RB-2009-GOM-466,29.15778,-88.01615,Gulf of Mexico | BOEM Lease Block VK826,BOEM Lease Block VK826,WGS84,475,475,Push core,Near coral,VK826_20090903_RB13D466PC01,-0,-0.02
VK826_20090903_RB09GOM231,2009-09-03,RB-09-GOM-231,RB-2009-GOM-466,29.15778,-88.01615,Gulf of Mexico | BOEM Lease Block VK826,BOEM Lease Block VK826,WGS84,475,475,Push core,Near coral,VK826_20090903_RB13D466PC01,-0.02,-0.05
VK826_20090903_RB09GOM232,2009-09-03,RB-09-GOM-232,RB-2009-GOM-466,29.15778,-88.01615,Gulf of Mexico | BOEM Lease Block VK826,BOEM Lease Block VK826,WGS84,475,475,Push core,Near coral,VK826_20090903_RB13D466PC01,-0.05,-0.1
VK826_20090903_RB09GOM233,2009-09-03,RB-09-GOM-233,RB-2009-GOM-466,29.15778,-88.01615,Gulf of Mexico | BOEM Lease Block VK826,BOEM Lease Block VK826,WGS84,475,475,Push core,Near coral,VK826_20090903_RB13D466PC02,-0,-0.02
VK826_20090903_RB09GOM234,2009-09-03,RB-09-GOM-234,RB-2009-GOM-466,29.15778,-88.01615,Gulf of Mexico | BOEM Lease Block VK826,BOEM Lease Block VK826,WGS84,475,475,Push core,Near coral,VK826_20090903_RB13D466PC02,-0.02,-0.05
VK826_20090903_RB09GOM235,2009-09-03,RB-09-GOM-235,RB-2009-GOM-466,29.15778,-88.01615,Gulf of Mexico | BOEM Lease Block VK826,BOEM Lease Block VK826,WGS84,475,475,Push core,Near coral,VK826_20090903_RB13D466PC02,-0.05,-0.1
VK826_20090903_RB09GOM236,2009-09-03,RB-09-GOM-236,RB-2009-GOM-466,29.15778,-88.01615,Gulf of Mexico | BOEM Lease Block VK826,BOEM Lease Block VK826,WGS84,475,475,Push core,Near coral,VK826_20090903_RB13D466PC03,-0,-0.02
VK826_20090903_RB09GOM237,2009-09-03,RB-09-GOM-237,RB-2009-GOM-466,29.15778,-88.01615,Gulf of Mexico | BOEM Lease Block VK826,BOEM Lease Block VK826,WGS84,475,475,Push core,Near coral,VK826_20090903_RB13D466PC03,-0.02,-0.05
VK826_20090903_RB09GOM238,2009-09-03,RB-09-GOM-238,RB-2009-GOM-466,29.15778,-88.01615,Gulf of Mexico | BOEM Lease Block VK826,BOEM Lease Block VK826,WGS84,475,475,Push core,Near coral,VK826_20090903_RB13D466PC03,-0.05,-0.1
VK826_20090903_RB09GOM242,2009-09-03,RB-09-GOM-242,RB-2009-GOM-466,29.15816,-88.01681,Gulf of Mexico | BOEM Lease Block VK826,BOEM Lease Block VK826,WGS84,470,470,Push core,Near coral,VK826_20090903_RB13D466PC05,-0,-0.02
VK826_20090903_RB09GOM243,2009-09-03,RB-09-GOM-243,RB-2009-GOM-466,29.15816,-88.01681,Gulf of Mexico | BOEM Lease Block VK826,BOEM Lease Block VK826,WGS84,470,470,Push core,Near coral,VK826_20090903_RB13D466PC05,-0.02,-0.05
VK826_20090903_RB09GOM244,2009-09-03,RB-09-GOM-244,RB-2009-GOM-466,29.15816,-88.01681,Gulf of Mexico | BOEM Lease Block VK826,BOEM Lease Block VK826,WGS84,470,470,Push core,Near coral,VK826_20090903_RB13D466PC05,-0.05,-0.1
VK826_20090903_RB09GOM245,2009-09-03,RB-09-GOM-245,RB-2009-GOM-466,29.15816,-88.01681,Gulf of Mexico | BOEM Lease Block VK826,BOEM Lease Block VK826,WGS84,470,470,Push core,Near coral,VK826_20090903_RB13D466PC06,-0,-0.02
VK826_20090903_RB09GOM246,2009-09-03,RB-09-GOM-246,RB-2009-GOM-466,29.15816,-88.01681,Gulf of Mexico | BOEM Lease Block VK826,BOEM Lease Block VK826,WGS84,470,470,Push core,Near coral,VK826_20090903_RB13D466PC06,-0.02,-0.05
VK826_20090903_RB09GOM247,2009-09-03,RB-09-GOM-247,RB-2009-GOM-466,29.15816,-88.01681,Gulf of Mexico | BOEM Lease Block VK826,BOEM Lease Block VK826,WGS84,470,470,Push core,Near coral,VK826_20090903_RB13D466PC06,-0.05,-0.1
VK826_20090904_RB09GOM262,2009-09-04,RB-09-GOM-262,RB-2009-GOM-467,29.15871,-88.01038,Gulf of Mexico | BOEM Lease Block VK826,BOEM Lease Block VK826,WGS84,480,480,Push core,Near coral,VK826_20090904_RB13D467PC02,-0,-0.02
VK826_20090904_RB09GOM263,2009-09-04,RB-09-GOM-263,RB-2009-GOM-467,29.15871,-88.01038,Gulf of Mexico | BOEM Lease Block VK826,BOEM Lease Block VK826,WGS84,480,480,Push core,Near coral,VK826_20090904_RB13D467PC02,-0.02,-0.05
VK826_20090904_RB09GOM264,2009-09-04,RB-09-GOM-264,RB-2009-GOM-467,29.15871,-88.01038,Gulf of Mexico | BOEM Lease Block VK826,BOEM Lease Block VK826,WGS84,480,480,Push core,Near coral,VK826_20090904_RB13D467PC02,-0.05,-0.1
VK826_20090904_RB09GOM266,2009-09-04,RB-09-GOM-266,RB-2009-GOM-467,29.15871,-88.01038,Gulf of Mexico | BOEM Lease Block VK826,BOEM Lease Block VK826,WGS84,480,480,Push core,Near coral,VK826_20090904_RB13D467PC05,-0,-0.02
VK826_20090904_RB09GOM267,2009-09-04,RB-09-GOM-267,RB-2009-GOM-467,29.15871,-88.01038,Gulf of Mexico | BOEM Lease Block VK826,BOEM Lease Block VK826,WGS84,480,480,Push core,Near coral,VK826_20090904_RB13D467PC05,-0.05,-0.1
VK826_20090904_RB09GOM297,2009-09-04,RB-09-GOM-297,RB-2009-GOM-467,29.15871,-88.01038,Gulf of Mexico | BOEM Lease Block VK826,BOEM Lease Block VK826,WGS84,480,480,Push core,Near coral,VK826_20090904_RB13D467PC05,-0.02,-0.05
VK906_20090910_RB09GOM402,2009-09-10,RB-09-GOM-402,RB-2009-GOM-473,29.06904,-88.37712,Gulf of Mexico | BOEM Lease Block VK906,BOEM Lease Block VK906,WGS84,392,392,Push core,Near coral,VK906_20090910_RB13D473PC01,-0,-0.02
VK906_20090910_RB09GOM403,2009-09-10,RB-09-GOM-403,RB-2009-GOM-473,29.06904,-88.37712,Gulf of Mexico | BOEM Lease Block VK906,BOEM Lease Block VK906,WGS84,392,392,Push core,Near coral,VK906_20090910_RB13D473PC01,-0.02,-0.05
VK906_20090910_RB09GOM404,2009-09-10,RB-09-GOM-404,RB-2009-GOM-473,29.06904,-88.37712,Gulf of Mexico | BOEM Lease Block VK906,BOEM Lease Block VK906,WGS84,392,392,Push core,Near coral,VK906_20090910_RB13D473PC01,-0.05,-0.1
VK906_20090910_RB09GOM405,2009-09-10,RB-09-GOM-405,RB-2009-GOM-473,29.06904,-88.37712,Gulf of Mexico | BOEM Lease Block VK906,BOEM Lease Block VK906,WGS84,392,392,Push core,Near coral,VK906_20090910_RB13D473PC02,-0,-0.02
VK906_20090910_RB09GOM406,2009-09-10,RB-09-GOM-406,RB-2009-GOM-473,29.06904,-88.37712,Gulf of Mexico | BOEM Lease Block VK906,BOEM Lease Block VK906,WGS84,392,392,Push core,Near coral,VK906_20090910_RB13D473PC02,-0.02,-0.05
VK906_20090910_RB09GOM407,2009-09-10,RB-09-GOM-407,RB-2009-GOM-473,29.06904,-88.37712,Gulf of Mexico | BOEM Lease Block VK906,BOEM Lease Block VK906,WGS84,392,392,Push core,Near coral,VK906_20090910_RB13D473PC02,-0.05,-0.1
VK906_20090910_RB09GOM408,2009-09-10,RB-09-GOM-408,RB-2009-GOM-473,29.06904,-88.37712,Gulf of Mexico | BOEM Lease Block VK906,BOEM Lease Block VK906,WGS84,392,392,Push core,Near coral,VK906_20090910_RB13D473PC04,-0,-0.02
VK906_20090910_RB09GOM409,2009-09-10,RB-09-GOM-409,RB-2009-GOM-473,29.06904,-88.37712,Gulf of Mexico | BOEM Lease Block VK906,BOEM Lease Block VK906,WGS84,392,392,Push core,Near coral,VK906_20090910_RB13D473PC04,-0.02,-0.05
VK906_20090910_RB09GOM410,2009-09-10,RB-09-GOM-410,RB-2009-GOM-473,29.06904,-88.37712,Gulf of Mexico | BOEM Lease Block VK906,BOEM Lease Block VK906,WGS84,392,392,Push core,Near coral,VK906_20090910_RB13D473PC04,-0.05,-0.07
VK906_20090918_SJ09GOM046,2009-09-18,SJ-09-GOM-046,JSLII-2009-GOM-3725,29.0691,-88.37611,Gulf of Mexico | BOEM Lease Block VK906,BOEM Lease Block VK906,WGS84,393,393,Large push core,Background coral,VK906_20090918_SJ09GOM3725PC05,-0,-0.02
VK906_20090918_SJ09GOM047,2009-09-18,SJ-09-GOM-047,JSLII-2009-GOM-3725,29.0691,-88.37611,Gulf of Mexico | BOEM Lease Block VK906,BOEM Lease Block VK906,WGS84,393,393,Large push core,Background coral,VK906_20090918_SJ09GOM3725PC05,-0.02,-0.05
VK906_20090918_SJ09GOM048,2009-09-18,SJ-09-GOM-048,JSLII-2009-GOM-3725,29.0691,-88.37611,Gulf of Mexico | BOEM Lease Block VK906,BOEM Lease Block VK906,WGS84,393,393,Large push core,Background coral,VK906_20090918_SJ09GOM3725PC05,-0.05,-0.1
MC751_20090919_SJ09GOM058,2009-09-19,SJ-09-GOM-058,SJ-2009-GOM-027,28.19688,-89.79876,Gulf of Mexico | BOEM Lease Block MC751,BOEM Lease Block MC751,WGS84,429,429,Box core,Background coral,MC751_20090919_SJ09GOMBC05,-0,-0.02
MC751_20090919_SJ09GOM059,2009-09-19,SJ-09-GOM-059,SJ-2009-GOM-027,28.19688,-89.79876,Gulf of Mexico | BOEM Lease Block MC751,BOEM Lease Block MC751,WGS84,429,429,Box core,Background coral,MC751_20090919_SJ09GOMBC05,-0.02,-0.05
MC751_20090919_SJ09GOM060,2009-09-19,SJ-09-GOM-060,SJ-2009-GOM-027,28.19688,-89.79876,Gulf of Mexico | BOEM Lease Block MC751,BOEM Lease Block MC751,WGS84,429,429,Box core,Background coral,MC751_20090919_SJ09GOMBC05,-0.05,-0.1
MC751_20090919_SJ09GOM061,2009-09-19,SJ-09-GOM-061,SJ-2009-GOM-028,28.19675,-89.79985,Gulf of Mexico | BOEM Lease Block MC751,BOEM Lease Block MC751,WGS84,427,427,Box core,Background coral,MC751_20090919_SJ09GOMBC06,-0,-0.02
MC751_20090919_SJ09GOM062,2009-09-19,SJ-09-GOM-062,SJ-2009-GOM-028,28.19675,-89.79985,Gulf of Mexico | BOEM Lease Block MC751,BOEM Lease Block MC751,WGS84,427,427,Box core,Background coral,MC751_20090919_SJ09GOMBC06,-0.02,-0.05
MC751_20090919_SJ09GOM063,2009-09-19,SJ-09-GOM-063,SJ-2009-GOM-028,28.19675,-89.79985,Gulf of Mexico | BOEM Lease Block MC751,BOEM Lease Block MC751,WGS84,427,427,Box core,Background coral,MC751_20090919_SJ09GOMBC06,-0.05,-0.1
VK906_20090920_SJ09GOM072,2009-09-20,SJ-09-GOM-072,SJ-2009-GOM-033,29.0727,-88.37808,Gulf of Mexico | BOEM Lease Block VK906,BOEM Lease Block VK906,WGS84,418,418,Box core,Background coral,VK906_20090920_SJ09GOMBC08,-0,-0.02
VK906_20090920_SJ09GOM073,2009-09-20,SJ-09-GOM-073,SJ-2009-GOM-033,29.0727,-88.37808,Gulf of Mexico | BOEM Lease Block VK906,BOEM Lease Block VK906,WGS84,418,418,Box core,Background coral,VK906_20090920_SJ09GOMBC08,-0.02,-0.05
VK906_20090920_SJ09GOM074,2009-09-20,SJ-09-GOM-074,SJ-2009-GOM-033,29.0727,-88.37808,Gulf of Mexico | BOEM Lease Block VK906,BOEM Lease Block VK906,WGS84,418,418,Box core,Background coral,VK906_20090920_SJ09GOMBC08,-0.05,-0.1
VK826_20090922_SJ09GOM102,2009-09-22,SJ-09-GOM-102,SJ-2009-GOM-062,29.17011,-88.0133,Gulf of Mexico | BOEM Lease Block VK826,BOEM Lease Block VK826,WGS84,470,470,Box core,Background coral,VK826_20090922_SJ09GOMBC12,-0,-0.02
VK826_20090922_SJ09GOM103,2009-09-22,SJ-09-GOM-103,SJ-2009-GOM-062,29.17011,-88.0133,Gulf of Mexico | BOEM Lease Block VK826,BOEM Lease Block VK826,WGS84,470,470,Box core,Background coral,VK826_20090922_SJ09GOMBC12,-0.02,-0.05
VK826_20090922_SJ09GOM104,2009-09-22,SJ-09-GOM-104,SJ-2009-GOM-062,29.17011,-88.0133,Gulf of Mexico | BOEM Lease Block VK826,BOEM Lease Block VK826,WGS84,470,470,Box core,Background coral,VK826_20090922_SJ09GOMBC12,-0.05,-0.1
VK826_20090922_SJ09GOM105,2009-09-22,SJ-09-GOM-105,SJ-2009-GOM-063,29.17068,-88.01233,Gulf of Mexico | BOEM Lease Block VK826,BOEM Lease Block VK826,WGS84,461,461,Box core,Background coral,VK826_20090922_SJ09GOMBC13,-0,-0.02
VK826_20090922_SJ09GOM106,2009-09-22,SJ-09-GOM-106,SJ-2009-GOM-063,29.17068,-88.01233,Gulf of Mexico | BOEM Lease Block VK826,BOEM Lease Block VK826,WGS84,461,461,Box core,Background coral,VK826_20090922_SJ09GOMBC13,-0.02,-0.05
VK826_20090922_SJ09GOM107,2009-09-22,SJ-09-GOM-107,SJ-2009-GOM-063,29.17068,-88.01233,Gulf of Mexico | BOEM Lease Block VK826,BOEM Lease Block VK826,WGS84,461,461,Box core,Background coral,VK826_20090922_SJ09GOMBC13,-0.05,-0.09
VK826_20090923_SJ09GOM116,2009-09-23,SJ-09-GOM-116,SJ-2009-GOM-072,29.16771,-88.01315,Gulf of Mexico | BOEM Lease Block VK826,BOEM Lease Block VK826,WGS84,472,472,Box core,Background coral,VK826_20090923_SJ09GOMBC14,-0,-0.02
VK826_20090923_SJ09GOM117,2009-09-23,SJ-09-GOM-117,SJ-2009-GOM-072,29.16771,-88.01315,Gulf of Mexico | BOEM Lease Block VK826,BOEM Lease Block VK826,WGS84,472,472,Box core,Background coral,VK826_20090923_SJ09GOMBC14,-0.02,-0.05
VK826_20090923_SJ09GOM118,2009-09-23,SJ-09-GOM-118,SJ-2009-GOM-072,29.16771,-88.01315,Gulf of Mexico | BOEM Lease Block VK826,BOEM Lease Block VK826,WGS84,472,472,Box core,Background coral,VK826_20090923_SJ09GOMBC14,-0.05,-0.1
VK826_20090923_SJ09GOM120,2009-09-23,SJ-09-GOM-120,SJ-2009-GOM-074,29.17076,-88.01133,Gulf of Mexico | BOEM Lease Block VK826,BOEM Lease Block VK826,WGS84,458,458,Box core,Background coral,VK826_20090923_SJ09GOMBC16,-0,-0.02
VK826_20090923_SJ09GOM121,2009-09-23,SJ-09-GOM-121,SJ-2009-GOM-074,29.17076,-88.01133,Gulf of Mexico | BOEM Lease Block VK826,BOEM Lease Block VK826,WGS84,458,458,Box core,Background coral,VK826_20090923_SJ09GOMBC16,-0.02,-0.05
VK826_20090923_SJ09GOM122,2009-09-23,SJ-09-GOM-122,SJ-2009-GOM-074,29.17076,-88.01133,Gulf of Mexico | BOEM Lease Block VK826,BOEM Lease Block VK826,WGS84,458,458,Box core,Background coral,VK826_20090923_SJ09GOMBC16,-0.05,-0.09
