eventID,parentEventID,eventDate,locationID,decimalLatitude,decimalLongitude,higherGeography,locality,geodeticDatum,minimumDepthInMeters,maximumDepthInMeters,samplingProtocol,locationRemarks,minimumDistanceAboveSurfaceInMeters,maximumDistancesAboveSurfaceInMeters
MC885_20140501_AT26144705046A,MC885_20140501_AT26144705046,2014-05-01,AT26-14-4705,28.06614,-89.71717,Gulf of Mexico | BOEM Lease Block MC885,BOEM Lease Block MC885,WGS84,634,634,Push core_6.349999905,Near,-0,-0.02
MC885_20140501_AT26144705046B,MC885_20140501_AT26144705046,2014-05-01,AT26-14-4705,28.06614,-89.71717,Gulf of Mexico | BOEM Lease Block MC885,BOEM Lease Block MC885,WGS84,634,634,Push core_6.349999905,Near,-0.02,-0.05
MC885_20140501_AT26144705046C,MC885_20140501_AT26144705046,2014-05-01,AT26-14-4705,28.06614,-89.71717,Gulf of Mexico | BOEM Lease Block MC885,BOEM Lease Block MC885,WGS84,634,634,Push core_6.349999905,Near,-0.05,-0.1
MC885_20140501_AT26144705047A,MC885_20140501_AT26144705047,2014-05-01,AT26-14-4705,28.06614,-89.71729,Gulf of Mexico | BOEM Lease Block MC885,BOEM Lease Block MC885,WGS84,635,635,Push core_6.349999905,Near,-0,-0.02
MC885_20140501_AT26144705047B,MC885_20140501_AT26144705047,2014-05-01,AT26-14-4705,28.06614,-89.71729,Gulf of Mexico | BOEM Lease Block MC885,BOEM Lease Block MC885,WGS84,635,635,Push core_6.349999905,Near,-0.02,-0.05
MC885_20140501_AT26144705047C,MC885_20140501_AT26144705047,2014-05-01,AT26-14-4705,28.06614,-89.71729,Gulf of Mexico | BOEM Lease Block MC885,BOEM Lease Block MC885,WGS84,635,635,Push core_6.349999905,Near,-0.05,-0.1
AT357_20140504_AT26144706058A,AT357_20140504_AT26144706058,2014-05-04,AT26-14-4706,27.58644,-89.70441,Gulf of Mexico | BOEM Lease Block AT357,BOEM Lease Block AT357,WGS84,1050,1050,Push core_6.349999905,Near,-0,-0.02
AT357_20140504_AT26144706058B,AT357_20140504_AT26144706058,2014-05-04,AT26-14-4706,27.58644,-89.70441,Gulf of Mexico | BOEM Lease Block AT357,BOEM Lease Block AT357,WGS84,1050,1050,Push core_6.349999905,Near,-0.02,-0.05
AT357_20140504_AT26144706058C,AT357_20140504_AT26144706058,2014-05-04,AT26-14-4706,27.58644,-89.70441,Gulf of Mexico | BOEM Lease Block AT357,BOEM Lease Block AT357,WGS84,1050,1050,Push core_6.349999905,Near,-0.05,-0.1
AT357_20140504_AT26144706059A,AT357_20140504_AT26144706059,2014-05-04,AT26-14-4706,27.58611,-89.70435,Gulf of Mexico | BOEM Lease Block AT357,BOEM Lease Block AT357,WGS84,1054,1054,Push core_6.349999905,Near,-0,-0.02
AT357_20140504_AT26144706059B,AT357_20140504_AT26144706059,2014-05-04,AT26-14-4706,27.58611,-89.70435,Gulf of Mexico | BOEM Lease Block AT357,BOEM Lease Block AT357,WGS84,1054,1054,Push core_6.349999905,Near,-0.02,-0.05
AT357_20140504_AT26144706059C,AT357_20140504_AT26144706059,2014-05-04,AT26-14-4706,27.58611,-89.70435,Gulf of Mexico | BOEM Lease Block AT357,BOEM Lease Block AT357,WGS84,1054,1054,Push core_6.349999905,Near,-0.05,-0.1
MC885_20101016_LII10GOM4007,MC885_20101016_RB10D527PC02,2010-10-16,RB-2010-GOM-527,28.0664,-89.717,Gulf of Mexico | BOEM Lease Block MC885,BOEM Lease Block MC885,WGS84,633,633,Push core_6.349999905,Near,-0,-0.02
MC885_20101016_LII10GOM4008,MC885_20101016_RB10D527PC02,2010-10-16,RB-2010-GOM-527,28.0664,-89.717,Gulf of Mexico | BOEM Lease Block MC885,BOEM Lease Block MC885,WGS84,633,633,Push core_6.349999905,Near,-0.02,-0.05
MC885_20101016_LII10GOM4009,MC885_20101016_RB10D527PC02,2010-10-16,RB-2010-GOM-527,28.0664,-89.717,Gulf of Mexico | BOEM Lease Block MC885,BOEM Lease Block MC885,WGS84,633,633,Push core_6.349999905,Near,-0.05,-0.1
MC885_20101016_LII10GOM4010,MC885_20101016_RB10D527PC01,2010-10-16,RB-2010-GOM-527,28.0664,-89.717,Gulf of Mexico | BOEM Lease Block MC885,BOEM Lease Block MC885,WGS84,633,633,Push core_6.349999905,Near,-0,-0.02
MC885_20101016_LII10GOM4011,MC885_20101016_RB10D527PC01,2010-10-16,RB-2010-GOM-527,28.0664,-89.717,Gulf of Mexico | BOEM Lease Block MC885,BOEM Lease Block MC885,WGS84,633,633,Push core_6.349999905,Near,-0.02,-0.05
MC885_20101016_LII10GOM4012,MC885_20101016_RB10D527PC01,2010-10-16,RB-2010-GOM-527,28.0664,-89.717,Gulf of Mexico | BOEM Lease Block MC885,BOEM Lease Block MC885,WGS84,633,633,Push core_6.349999905,Near,-0.05,-0.1
MC885_20101016_LII10GOM4013,MC885_20101016_RB10D527PC09,2010-10-16,RB-2010-GOM-527,28.0664,-89.717,Gulf of Mexico | BOEM Lease Block MC885,BOEM Lease Block MC885,WGS84,633,633,Push core_6.349999905,Near,-0,-0.02
MC885_20101016_LII10GOM4014,MC885_20101016_RB10D527PC09,2010-10-16,RB-2010-GOM-527,28.0664,-89.717,Gulf of Mexico | BOEM Lease Block MC885,BOEM Lease Block MC885,WGS84,633,633,Push core_6.349999905,Near,-0.02,-0.05
MC885_20101016_LII10GOM4015,MC885_20101016_RB10D527PC09,2010-10-16,RB-2010-GOM-527,28.0664,-89.717,Gulf of Mexico | BOEM Lease Block MC885,BOEM Lease Block MC885,WGS84,633,633,Push core_6.349999905,Near,-0.05,-0.1
GB299_20101019_LII10GOM4057,GB299_20101019_RB10D530PC01,2010-10-19,RB-2010-GOM-530,27.68659,-92.23104,Gulf of Mexico | BOEM Lease Block GB299,BOEM Lease Block GB299,WGS84,362,362,Push core_6.349999905,Near,-0,-0.02
GB299_20101019_LII10GOM4058,GB299_20101019_RB10D530PC01,2010-10-19,RB-2010-GOM-530,27.68659,-92.23104,Gulf of Mexico | BOEM Lease Block GB299,BOEM Lease Block GB299,WGS84,362,362,Push core_6.349999905,Near,-0.02,-0.05
GB299_20101019_LII10GOM4059,GB299_20101019_RB10D530PC01,2010-10-19,RB-2010-GOM-530,27.68659,-92.23104,Gulf of Mexico | BOEM Lease Block GB299,BOEM Lease Block GB299,WGS84,362,362,Push core_6.349999905,Near,-0.05,-0.1
GB299_20101019_LII10GOM4060,GB299_20101019_RB10D530PC02,2010-10-19,RB-2010-GOM-530,27.68652,-92.23073,Gulf of Mexico | BOEM Lease Block GB299,BOEM Lease Block GB299,WGS84,361,361,Push core_6.349999905,Near,-0,-0.02
GB299_20101019_LII10GOM4061,GB299_20101019_RB10D530PC02,2010-10-19,RB-2010-GOM-530,27.68652,-92.23073,Gulf of Mexico | BOEM Lease Block GB299,BOEM Lease Block GB299,WGS84,361,361,Push core_6.349999905,Near,-0.02,-0.05
GB299_20101019_LII10GOM4062,GB299_20101019_RB10D530PC02,2010-10-19,RB-2010-GOM-530,27.68652,-92.23073,Gulf of Mexico | BOEM Lease Block GB299,BOEM Lease Block GB299,WGS84,361,361,Push core_6.349999905,Near,-0.05,-0.1
GB299_20101019_LII10GOM4063,GB299_20101019_RB10D530PC03,2010-10-19,RB-2010-GOM-530,27.68652,-92.23073,Gulf of Mexico | BOEM Lease Block GB299,BOEM Lease Block GB299,WGS84,361,361,Push core_6.349999905,Near,-0,-0.02
GB299_20101019_LII10GOM4064,GB299_20101019_RB10D530PC03,2010-10-19,RB-2010-GOM-530,27.68652,-92.23073,Gulf of Mexico | BOEM Lease Block GB299,BOEM Lease Block GB299,WGS84,361,361,Push core_6.349999905,Near,-0.02,-0.05
GB299_20101019_LII10GOM4065,GB299_20101019_RB10D530PC03,2010-10-19,RB-2010-GOM-530,27.68652,-92.23073,Gulf of Mexico | BOEM Lease Block GB299,BOEM Lease Block GB299,WGS84,361,361,Push core_6.349999905,Near,-0.05,-0.1
GB299_20101019_LII10GOM4066,GB299_20101019_RB10D530PC04,2010-10-19,RB-2010-GOM-530,27.68652,-92.23073,Gulf of Mexico | BOEM Lease Block GB299,BOEM Lease Block GB299,WGS84,361,361,Push core_6.349999905,Near,-0,-0.02
GB299_20101019_LII10GOM4067,GB299_20101019_RB10D530PC04,2010-10-19,RB-2010-GOM-530,27.68652,-92.23073,Gulf of Mexico | BOEM Lease Block GB299,BOEM Lease Block GB299,WGS84,361,361,Push core_6.349999905,Near,-0.02,-0.05
GB299_20101019_LII10GOM4068,GB299_20101019_RB10D530PC04,2010-10-19,RB-2010-GOM-530,27.68652,-92.23073,Gulf of Mexico | BOEM Lease Block GB299,BOEM Lease Block GB299,WGS84,361,361,Push core_6.349999905,Near,-0.05,-0.1
GB299_20101020_LII10GOM4069,GB299_20101020_RB10D530PC05,2010-10-20,RB-2010-GOM-530,27.6846,-92.2209,Gulf of Mexico | BOEM Lease Block GB299,BOEM Lease Block GB299,WGS84,340,340,Push core_6.349999905,Near,-0,-0.02
GB299_20101020_LII10GOM4070,GB299_20101020_RB10D530PC05,2010-10-20,RB-2010-GOM-530,27.6846,-92.2209,Gulf of Mexico | BOEM Lease Block GB299,BOEM Lease Block GB299,WGS84,340,340,Push core_6.349999905,Near,-0.02,-0.05
GB299_20101020_LII10GOM4071,GB299_20101020_RB10D530PC05,2010-10-20,RB-2010-GOM-530,27.6846,-92.2209,Gulf of Mexico | BOEM Lease Block GB299,BOEM Lease Block GB299,WGS84,340,340,Push core_6.349999905,Near,-0.05,-0.1
GB299_20101020_LII10GOM4072,GB299_20101020_RB10D530PC07,2010-10-20,RB-2010-GOM-530,27.6846,-92.2209,Gulf of Mexico | BOEM Lease Block GB299,BOEM Lease Block GB299,WGS84,340,340,Push core_6.349999905,Near,-0,-0.02
GB299_20101020_LII10GOM4073,GB299_20101020_RB10D530PC07,2010-10-20,RB-2010-GOM-530,27.6846,-92.2209,Gulf of Mexico | BOEM Lease Block GB299,BOEM Lease Block GB299,WGS84,340,340,Push core_6.349999905,Near,-0.02,-0.05
GB299_20101020_LII10GOM4074,GB299_20101020_RB10D530PC07,2010-10-20,RB-2010-GOM-530,27.6846,-92.2209,Gulf of Mexico | BOEM Lease Block GB299,BOEM Lease Block GB299,WGS84,340,340,Push core_6.349999905,Near,-0.05,-0.1
GB299_20101019_LII10GOM4075,GB299_20101019_RB10D530PC09,2010-10-19,RB-2010-GOM-530,27.68659,-92.23104,Gulf of Mexico | BOEM Lease Block GB299,BOEM Lease Block GB299,WGS84,362,362,Push core_6.349999905,Near,-0,-0.02
GB299_20101019_LII10GOM4076,GB299_20101019_RB10D530PC09,2010-10-19,RB-2010-GOM-530,27.68659,-92.23104,Gulf of Mexico | BOEM Lease Block GB299,BOEM Lease Block GB299,WGS84,362,362,Push core_6.349999905,Near,-0.02,-0.05
GB299_20101019_LII10GOM4077,GB299_20101019_RB10D530PC09,2010-10-19,RB-2010-GOM-530,27.68659,-92.23104,Gulf of Mexico | BOEM Lease Block GB299,BOEM Lease Block GB299,WGS84,362,362,Push core_6.349999905,Near,-0.05,-0.1
GB299_20101019_LII10GOM4078,GB299_20101019_RB10D530PC10,2010-10-19,RB-2010-GOM-530,27.68659,-92.23104,Gulf of Mexico | BOEM Lease Block GB299,BOEM Lease Block GB299,WGS84,362,362,Push core_6.349999905,Near,-0,-0.02
GB299_20101019_LII10GOM4079,GB299_20101019_RB10D530PC10,2010-10-19,RB-2010-GOM-530,27.68659,-92.23104,Gulf of Mexico | BOEM Lease Block GB299,BOEM Lease Block GB299,WGS84,362,362,Push core_6.349999905,Near,-0.02,-0.05
GB299_20101019_LII10GOM4080,GB299_20101019_RB10D530PC10,2010-10-19,RB-2010-GOM-530,27.68659,-92.23104,Gulf of Mexico | BOEM Lease Block GB299,BOEM Lease Block GB299,WGS84,362,362,Push core_6.349999905,Near,-0.05,-0.1
GC140_20101021_LII10GOM4103,GC140_20101021_RB10D532PC07,2010-10-21,RB-2010-GOM-532,27.8108,-91.5371,Gulf of Mexico | BOEM Lease Block GC140,BOEM Lease Block GC140,WGS84,263,263,Push core_6.349999905,Near,-0,-0.02
GC140_20101021_LII10GOM4104,GC140_20101021_RB10D532PC07,2010-10-21,RB-2010-GOM-532,27.8108,-91.5371,Gulf of Mexico | BOEM Lease Block GC140,BOEM Lease Block GC140,WGS84,263,263,Push core_6.349999905,Near,-0.02,-0.05
GC140_20101021_LII10GOM4105,GC140_20101021_RB10D532PC07,2010-10-21,RB-2010-GOM-532,27.8108,-91.5371,Gulf of Mexico | BOEM Lease Block GC140,BOEM Lease Block GC140,WGS84,263,263,Push core_6.349999905,Near,-0.05,-0.07
GC140_20101021_LII10GOM4106,GC140_20101021_RB10D532PC10,2010-10-21,RB-2010-GOM-532,27.8108,-91.5371,Gulf of Mexico | BOEM Lease Block GC140,BOEM Lease Block GC140,WGS84,263,263,Push core_6.349999905,Near,-0,-0.02
GC140_20101021_LII10GOM4107,GC140_20101021_RB10D532PC10,2010-10-21,RB-2010-GOM-532,27.8108,-91.5371,Gulf of Mexico | BOEM Lease Block GC140,BOEM Lease Block GC140,WGS84,263,263,Push core_6.349999905,Near,-0.02,-0.05
GC140_20101021_LII10GOM4108,GC140_20101021_RB10D532PC10,2010-10-21,RB-2010-GOM-532,27.8108,-91.5371,Gulf of Mexico | BOEM Lease Block GC140,BOEM Lease Block GC140,WGS84,263,263,Push core_6.349999905,Near,-0.05,-0.1
GC249_20101023_LII10GOM4109,GC249_20101023_RB10D533PC09,2010-10-23,RB-2010-GOM-533,27.7241,-90.5142,Gulf of Mexico | BOEM Lease Block GC249,BOEM Lease Block GC249,WGS84,789,789,Push core_6.349999905,Near,-0,-0.02
GC249_20101023_LII10GOM4110,GC249_20101023_RB10D533PC09,2010-10-23,RB-2010-GOM-533,27.7241,-90.5142,Gulf of Mexico | BOEM Lease Block GC249,BOEM Lease Block GC249,WGS84,789,789,Push core_6.349999905,Near,-0.02,-0.05
GC249_20101023_LII10GOM4111,GC249_20101023_RB10D533PC09,2010-10-23,RB-2010-GOM-533,27.7241,-90.5142,Gulf of Mexico | BOEM Lease Block GC249,BOEM Lease Block GC249,WGS84,789,789,Push core_6.349999905,Near,-0.05,-0.1
GC249_20101023_LII10GOM4114,GC249_20101023_RB10D533PC07,2010-10-23,RB-2010-GOM-533,27.7241,-90.5142,Gulf of Mexico | BOEM Lease Block GC249,BOEM Lease Block GC249,WGS84,789,789,Push core_6.349999905,Near,-0,-0.02
GC249_20101023_LII10GOM4115,GC249_20101023_RB10D533PC07,2010-10-23,RB-2010-GOM-533,27.7241,-90.5142,Gulf of Mexico | BOEM Lease Block GC249,BOEM Lease Block GC249,WGS84,789,789,Push core_6.349999905,Near,-0.02,-0.05
GC249_20101023_LII10GOM4116,GC249_20101023_RB10D533PC07,2010-10-23,RB-2010-GOM-533,27.7241,-90.5142,Gulf of Mexico | BOEM Lease Block GC249,BOEM Lease Block GC249,WGS84,789,789,Push core_6.349999905,Near,-0.05,-0.1
GC249_20101023_LII10GOM4118,GC249_20101023_RB10D533PC08,2010-10-23,RB-2010-GOM-533,27.7241,-90.5142,Gulf of Mexico | BOEM Lease Block GC249,BOEM Lease Block GC249,WGS84,789,789,Push core_6.349999905,Near,-0,-0.02
GC249_20101023_LII10GOM4119,GC249_20101023_RB10D533PC08,2010-10-23,RB-2010-GOM-533,27.7241,-90.5142,Gulf of Mexico | BOEM Lease Block GC249,BOEM Lease Block GC249,WGS84,789,789,Push core_6.349999905,Near,-0.02,-0.05
GC249_20101023_LII10GOM4120,GC249_20101023_RB10D533PC08,2010-10-23,RB-2010-GOM-533,27.7241,-90.5142,Gulf of Mexico | BOEM Lease Block GC249,BOEM Lease Block GC249,WGS84,789,789,Push core_6.349999905,Near,-0.05,-0.1
MC118_20101030_LII10GOM4210,MC118_20101030_RB10D538PC01,2010-10-30,RB-2010-GOM-538,28.85271,-88.49254,Gulf of Mexico | BOEM Lease Block MC118,BOEM Lease Block MC118,WGS84,883,883,Push core_6.349999905,Near,-0,-0.02
MC118_20101030_LII10GOM4211,MC118_20101030_RB10D538PC01,2010-10-30,RB-2010-GOM-538,28.85271,-88.49254,Gulf of Mexico | BOEM Lease Block MC118,BOEM Lease Block MC118,WGS84,883,883,Push core_6.349999905,Near,-0.02,-0.05
MC118_20101030_LII10GOM4212,MC118_20101030_RB10D538PC01,2010-10-30,RB-2010-GOM-538,28.85271,-88.49254,Gulf of Mexico | BOEM Lease Block MC118,BOEM Lease Block MC118,WGS84,883,883,Push core_6.349999905,Near,-0.05,-0.1
MC118_20101030_LII10GOM4213,MC118_20101030_RB10D538PC02,2010-10-30,RB-2010-GOM-538,28.85271,-88.49254,Gulf of Mexico | BOEM Lease Block MC118,BOEM Lease Block MC118,WGS84,883,883,Push core_6.349999905,Near,-0,-0.02
MC118_20101030_LII10GOM4214,MC118_20101030_RB10D538PC02,2010-10-30,RB-2010-GOM-538,28.85271,-88.49254,Gulf of Mexico | BOEM Lease Block MC118,BOEM Lease Block MC118,WGS84,883,883,Push core_6.349999905,Near,-0.02,-0.05
MC118_20101030_LII10GOM4215,MC118_20101030_RB10D538PC02,2010-10-30,RB-2010-GOM-538,28.85271,-88.49254,Gulf of Mexico | BOEM Lease Block MC118,BOEM Lease Block MC118,WGS84,883,883,Push core_6.349999905,Near,-0.05,-0.1
MC118_20101030_LII10GOM4216,MC118_20101030_RB10D538PC04,2010-10-30,RB-2010-GOM-538,28.85268,-88.49267,Gulf of Mexico | BOEM Lease Block MC118,BOEM Lease Block MC118,WGS84,882,882,Push core_6.349999905,Near,-0,-0.02
MC118_20101030_LII10GOM4217,MC118_20101030_RB10D538PC04,2010-10-30,RB-2010-GOM-538,28.85268,-88.49267,Gulf of Mexico | BOEM Lease Block MC118,BOEM Lease Block MC118,WGS84,882,882,Push core_6.349999905,Near,-0.02,-0.05
MC118_20101030_LII10GOM4218,MC118_20101030_RB10D538PC04,2010-10-30,RB-2010-GOM-538,28.85268,-88.49267,Gulf of Mexico | BOEM Lease Block MC118,BOEM Lease Block MC118,WGS84,882,882,Push core_6.349999905,Near,-0.05,-0.1
MC118_20101030_LII10GOM4219,MC118_20101030_RB10D538PC05,2010-10-30,RB-2010-GOM-538,28.85271,-88.49254,Gulf of Mexico | BOEM Lease Block MC118,BOEM Lease Block MC118,WGS84,883,883,Push core_6.349999905,Near,-0,-0.02
MC118_20101030_LII10GOM4220,MC118_20101030_RB10D538PC05,2010-10-30,RB-2010-GOM-538,28.85271,-88.49254,Gulf of Mexico | BOEM Lease Block MC118,BOEM Lease Block MC118,WGS84,883,883,Push core_6.349999905,Near,-0.02,-0.05
MC118_20101030_LII10GOM4221,MC118_20101030_RB10D538PC05,2010-10-30,RB-2010-GOM-538,28.85271,-88.49254,Gulf of Mexico | BOEM Lease Block MC118,BOEM Lease Block MC118,WGS84,883,883,Push core_6.349999905,Near,-0.05,-0.1
MC118_20101030_LII10GOM4222,MC118_20101030_RB10D538PC06,2010-10-30,RB-2010-GOM-538,28.85268,-88.49267,Gulf of Mexico | BOEM Lease Block MC118,BOEM Lease Block MC118,WGS84,882,882,Push core_6.349999905,Near,-0,-0.02
MC118_20101030_LII10GOM4223,MC118_20101030_RB10D538PC06,2010-10-30,RB-2010-GOM-538,28.85268,-88.49267,Gulf of Mexico | BOEM Lease Block MC118,BOEM Lease Block MC118,WGS84,882,882,Push core_6.349999905,Near,-0.02,-0.05
MC118_20101030_LII10GOM4224,MC118_20101030_RB10D538PC06,2010-10-30,RB-2010-GOM-538,28.85268,-88.49267,Gulf of Mexico | BOEM Lease Block MC118,BOEM Lease Block MC118,WGS84,882,882,Push core_6.349999905,Near,-0.05,-0.1
MC118_20101030_LII10GOM4228,MC118_20101030_RB10D538PC08,2010-10-30,RB-2010-GOM-538,28.85268,-88.49267,Gulf of Mexico | BOEM Lease Block MC118,BOEM Lease Block MC118,WGS84,882,882,Push core_6.349999905,Near,-0,-0.02
MC118_20101030_LII10GOM4229,MC118_20101030_RB10D538PC08,2010-10-30,RB-2010-GOM-538,28.85268,-88.49267,Gulf of Mexico | BOEM Lease Block MC118,BOEM Lease Block MC118,WGS84,882,882,Push core_6.349999905,Near,-0.02,-0.05
MC118_20101030_LII10GOM4230,MC118_20101030_RB10D538PC08,2010-10-30,RB-2010-GOM-538,28.85268,-88.49267,Gulf of Mexico | BOEM Lease Block MC118,BOEM Lease Block MC118,WGS84,882,882,Push core_6.349999905,Near,-0.05,-0.1
MC118_20130625_NA028046a,MC118_20130625_NA028046PC1,2013-06-25,NA028-H1261,28.85275,-88.49269,Gulf of Mexico | BOEM Lease Block MC118,BOEM Lease Block MC118,WGS84,884,884,Push core_6.349999905,Near,-0,-0.01
MC118_20130625_NA028046b,MC118_20130625_NA028046PC1,2013-06-25,NA028-H1261,28.85275,-88.49269,Gulf of Mexico | BOEM Lease Block MC118,BOEM Lease Block MC118,WGS84,884,884,Push core_6.349999905,Near,-0.01,-0.03
MC118_20130625_NA028046c,MC118_20130625_NA028046PC1,2013-06-25,NA028-H1261,28.85275,-88.49269,Gulf of Mexico | BOEM Lease Block MC118,BOEM Lease Block MC118,WGS84,884,884,Push core_6.349999905,Near,-0.03,-0.05
MC118_20130625_NA028046d,MC118_20130625_NA028046PC1,2013-06-25,NA028-H1261,28.85275,-88.49269,Gulf of Mexico | BOEM Lease Block MC118,BOEM Lease Block MC118,WGS84,884,884,Push core_6.349999905,Near,-0.05,-0.1
MC118_20130625_NA028048a,MC118_20130625_NA028048PC3,2013-06-25,NA028-H1261,28.85275,-88.49269,Gulf of Mexico | BOEM Lease Block MC118,BOEM Lease Block MC118,WGS84,884,884,Push core_6.349999905,Near,-0,-0.01
MC118_20130625_NA028048b,MC118_20130625_NA028048PC3,2013-06-25,NA028-H1261,28.85275,-88.49269,Gulf of Mexico | BOEM Lease Block MC118,BOEM Lease Block MC118,WGS84,884,884,Push core_6.349999905,Near,-0.01,-0.03
MC118_20130625_NA028048c,MC118_20130625_NA028048PC3,2013-06-25,NA028-H1261,28.85275,-88.49269,Gulf of Mexico | BOEM Lease Block MC118,BOEM Lease Block MC118,WGS84,884,884,Push core_6.349999905,Near,-0.03,-0.05
MC118_20130625_NA028048d,MC118_20130625_NA028048PC3,2013-06-25,NA028-H1261,28.85275,-88.49269,Gulf of Mexico | BOEM Lease Block MC118,BOEM Lease Block MC118,WGS84,884,884,Push core_6.349999905,Near,-0.05,-0.07
MC118_20130625_NA028049a,MC118_20130625_NA028049PC2,2013-06-25,NA028-H1261,28.85275,-88.49269,Gulf of Mexico | BOEM Lease Block MC118,BOEM Lease Block MC118,WGS84,884,884,Push core_6.349999905,Near,-0,-0.01
MC118_20130625_NA028049b,MC118_20130625_NA028049PC2,2013-06-25,NA028-H1261,28.85275,-88.49269,Gulf of Mexico | BOEM Lease Block MC118,BOEM Lease Block MC118,WGS84,884,884,Push core_6.349999905,Near,-0.01,-0.03
MC118_20130625_NA028049c,MC118_20130625_NA028049PC2,2013-06-25,NA028-H1261,28.85275,-88.49269,Gulf of Mexico | BOEM Lease Block MC118,BOEM Lease Block MC118,WGS84,884,884,Push core_6.349999905,Near,-0.03,-0.05
MC118_20130625_NA028049d,MC118_20130625_NA028049PC2,2013-06-25,NA028-H1261,28.85275,-88.49269,Gulf of Mexico | BOEM Lease Block MC118,BOEM Lease Block MC118,WGS84,884,884,Push core_6.349999905,Near,-0.05,-0.1
MC118_20130625_NA028051a,MC118_20130625_NA028051PC5,2013-06-25,NA028-H1261,28.85268,-88.49252,Gulf of Mexico | BOEM Lease Block MC118,BOEM Lease Block MC118,WGS84,883,883,Push core_6.349999905,Near,-0,-0.01
MC118_20130625_NA028051b,MC118_20130625_NA028051PC5,2013-06-25,NA028-H1261,28.85268,-88.49252,Gulf of Mexico | BOEM Lease Block MC118,BOEM Lease Block MC118,WGS84,883,883,Push core_6.349999905,Near,-0.01,-0.03
MC118_20130625_NA028051c,MC118_20130625_NA028051PC5,2013-06-25,NA028-H1261,28.85268,-88.49252,Gulf of Mexico | BOEM Lease Block MC118,BOEM Lease Block MC118,WGS84,883,883,Push core_6.349999905,Near,-0.03,-0.05
MC118_20130625_NA028051d,MC118_20130625_NA028051PC5,2013-06-25,NA028-H1261,28.85268,-88.49252,Gulf of Mexico | BOEM Lease Block MC118,BOEM Lease Block MC118,WGS84,883,883,Push core_6.349999905,Near,-0.05,-0.1
AT357_20130627_NA028084a,AT357_20130627_NA028084PC4,2013-06-27,NA028-H1264,27.58672,-89.70464,Gulf of Mexico | BOEM Lease Block AT357,BOEM Lease Block AT357,WGS84,1049,1049,Push core_6.349999905,Near,-0,-0.01
AT357_20130627_NA028084b,AT357_20130627_NA028084PC4,2013-06-27,NA028-H1264,27.58672,-89.70464,Gulf of Mexico | BOEM Lease Block AT357,BOEM Lease Block AT357,WGS84,1049,1049,Push core_6.349999905,Near,-0.01,-0.03
AT357_20130627_NA028084c,AT357_20130627_NA028084PC4,2013-06-27,NA028-H1264,27.58672,-89.70464,Gulf of Mexico | BOEM Lease Block AT357,BOEM Lease Block AT357,WGS84,1049,1049,Push core_6.349999905,Near,-0.03,-0.05
AT357_20130627_NA028084d,AT357_20130627_NA028084PC4,2013-06-27,NA028-H1264,27.58672,-89.70464,Gulf of Mexico | BOEM Lease Block AT357,BOEM Lease Block AT357,WGS84,1049,1049,Push core_6.349999905,Near,-0.05,-0.1
AT357_20130627_NA028085a,AT357_20130627_NA028085PC1,2013-06-27,NA028-H1264,27.58672,-89.70464,Gulf of Mexico | BOEM Lease Block AT357,BOEM Lease Block AT357,WGS84,1049,1049,Push core_6.349999905,Near,-0,-0.01
AT357_20130627_NA028085b,AT357_20130627_NA028085PC1,2013-06-27,NA028-H1264,27.58672,-89.70464,Gulf of Mexico | BOEM Lease Block AT357,BOEM Lease Block AT357,WGS84,1049,1049,Push core_6.349999905,Near,-0.01,-0.03
AT357_20130627_NA028085c,AT357_20130627_NA028085PC1,2013-06-27,NA028-H1264,27.58672,-89.70464,Gulf of Mexico | BOEM Lease Block AT357,BOEM Lease Block AT357,WGS84,1049,1049,Push core_6.349999905,Near,-0.03,-0.05
AT357_20130627_NA028085d,AT357_20130627_NA028085PC1,2013-06-27,NA028-H1264,27.58672,-89.70464,Gulf of Mexico | BOEM Lease Block AT357,BOEM Lease Block AT357,WGS84,1049,1049,Push core_6.349999905,Near,-0.05,-0.1
AT357_20130627_NA028086a,AT357_20130627_NA028086PC2,2013-06-27,NA028-H1264,27.58672,-89.70464,Gulf of Mexico | BOEM Lease Block AT357,BOEM Lease Block AT357,WGS84,1049,1049,Push core_6.349999905,Near,-0,-0.01
AT357_20130627_NA028086b,AT357_20130627_NA028086PC2,2013-06-27,NA028-H1264,27.58672,-89.70464,Gulf of Mexico | BOEM Lease Block AT357,BOEM Lease Block AT357,WGS84,1049,1049,Push core_6.349999905,Near,-0.01,-0.03
AT357_20130627_NA028086c,AT357_20130627_NA028086PC2,2013-06-27,NA028-H1264,27.58672,-89.70464,Gulf of Mexico | BOEM Lease Block AT357,BOEM Lease Block AT357,WGS84,1049,1049,Push core_6.349999905,Near,-0.03,-0.05
AT357_20130627_NA028086d,AT357_20130627_NA028086PC2,2013-06-27,NA028-H1264,27.58672,-89.70464,Gulf of Mexico | BOEM Lease Block AT357,BOEM Lease Block AT357,WGS84,1049,1049,Push core_6.349999905,Near,-0.05,-0.1
AT357_20130629_NA028105a,AT357_20130629_NA028105PC1,2013-06-29,NA028-H1266,27.58573,-89.70502,Gulf of Mexico | BOEM Lease Block AT357,BOEM Lease Block AT357,WGS84,1054,1054,Push core_6.349999905,Near,-0,-0.01
AT357_20130629_NA028105b,AT357_20130629_NA028105PC1,2013-06-29,NA028-H1266,27.58573,-89.70502,Gulf of Mexico | BOEM Lease Block AT357,BOEM Lease Block AT357,WGS84,1054,1054,Push core_6.349999905,Near,-0.01,-0.03
AT357_20130629_NA028105c,AT357_20130629_NA028105PC1,2013-06-29,NA028-H1266,27.58573,-89.70502,Gulf of Mexico | BOEM Lease Block AT357,BOEM Lease Block AT357,WGS84,1054,1054,Push core_6.349999905,Near,-0.03,-0.05
AT357_20130629_NA028105d,AT357_20130629_NA028105PC1,2013-06-29,NA028-H1266,27.58573,-89.70502,Gulf of Mexico | BOEM Lease Block AT357,BOEM Lease Block AT357,WGS84,1054,1054,Push core_6.349999905,Near,-0.05,-0.1
AT357_20130629_NA028106a,AT357_20130629_NA028106PC2,2013-06-29,NA028-H1266,27.58573,-89.70502,Gulf of Mexico | BOEM Lease Block AT357,BOEM Lease Block AT357,WGS84,1054,1054,Push core_6.349999905,Near,-0,-0.01
AT357_20130629_NA028106b,AT357_20130629_NA028106PC2,2013-06-29,NA028-H1266,27.58573,-89.70502,Gulf of Mexico | BOEM Lease Block AT357,BOEM Lease Block AT357,WGS84,1054,1054,Push core_6.349999905,Near,-0.01,-0.03
AT357_20130629_NA028106c,AT357_20130629_NA028106PC2,2013-06-29,NA028-H1266,27.58573,-89.70502,Gulf of Mexico | BOEM Lease Block AT357,BOEM Lease Block AT357,WGS84,1054,1054,Push core_6.349999905,Near,-0.03,-0.05
AT357_20130629_NA028106d,AT357_20130629_NA028106PC2,2013-06-29,NA028-H1266,27.58573,-89.70502,Gulf of Mexico | BOEM Lease Block AT357,BOEM Lease Block AT357,WGS84,1054,1054,Push core_6.349999905,Near,-0.05,-0.1
AT357_20130629_NA028108a,AT357_20130629_NA028108PC4,2013-06-29,NA028-H1266,27.58573,-89.70502,Gulf of Mexico | BOEM Lease Block AT357,BOEM Lease Block AT357,WGS84,1054,1054,Push core_6.349999905,Near,-0,-0.01
AT357_20130629_NA028108b,AT357_20130629_NA028108PC4,2013-06-29,NA028-H1266,27.58573,-89.70502,Gulf of Mexico | BOEM Lease Block AT357,BOEM Lease Block AT357,WGS84,1054,1054,Push core_6.349999905,Near,-0.01,-0.03
AT357_20130629_NA028108c,AT357_20130629_NA028108PC4,2013-06-29,NA028-H1266,27.58573,-89.70502,Gulf of Mexico | BOEM Lease Block AT357,BOEM Lease Block AT357,WGS84,1054,1054,Push core_6.349999905,Near,-0.03,-0.05
AT357_20130629_NA028108d,AT357_20130629_NA028108PC4,2013-06-29,NA028-H1266,27.58573,-89.70502,Gulf of Mexico | BOEM Lease Block AT357,BOEM Lease Block AT357,WGS84,1054,1054,Push core_6.349999905,Near,-0.05,-0.1
MC036_20140627_NA043020A,MC036_20140627_NA043020,2014-06-27,NA043-H1335,28.93535,-88.20269,Gulf of Mexico | BOEM Lease Block MC036,BOEM Lease Block MC036,WGS84,1094,1094,Push core_6.349999905,Near,-0,-0.02
MC036_20140627_NA043020B,MC036_20140627_NA043020,2014-06-27,NA043-H1335,28.93535,-88.20269,Gulf of Mexico | BOEM Lease Block MC036,BOEM Lease Block MC036,WGS84,1094,1094,Push core_6.349999905,Near,-0.02,-0.05
MC036_20140627_NA043020C,MC036_20140627_NA043020,2014-06-27,NA043-H1335,28.93535,-88.20269,Gulf of Mexico | BOEM Lease Block MC036,BOEM Lease Block MC036,WGS84,1094,1094,Push core_6.349999905,Near,-0.05,-0.1
MC036_20140627_NA043021A,MC036_20140627_NA043021,2014-06-27,NA043-H1335,28.93535,-88.20269,Gulf of Mexico | BOEM Lease Block MC036,BOEM Lease Block MC036,WGS84,1094,1094,Push core_6.349999905,Near,-0,-0.02
MC036_20140627_NA043021B,MC036_20140627_NA043021,2014-06-27,NA043-H1335,28.93535,-88.20269,Gulf of Mexico | BOEM Lease Block MC036,BOEM Lease Block MC036,WGS84,1094,1094,Push core_6.349999905,Near,-0.02,-0.05
MC036_20140627_NA043021C,MC036_20140627_NA043021,2014-06-27,NA043-H1335,28.93535,-88.20269,Gulf of Mexico | BOEM Lease Block MC036,BOEM Lease Block MC036,WGS84,1094,1094,Push core_6.349999905,Near,-0.05,-0.1
MC036_20140627_NA043022A,MC036_20140627_NA043022,2014-06-27,NA043-H1335,28.93535,-88.20269,Gulf of Mexico | BOEM Lease Block MC036,BOEM Lease Block MC036,WGS84,1094,1094,Push core_6.349999905,Near,-0,-0.02
MC036_20140627_NA043022B,MC036_20140627_NA043022,2014-06-27,NA043-H1335,28.93535,-88.20269,Gulf of Mexico | BOEM Lease Block MC036,BOEM Lease Block MC036,WGS84,1094,1094,Push core_6.349999905,Near,-0.02,-0.05
MC036_20140627_NA043024A,MC036_20140627_NA043024,2014-06-27,NA043-H1335,28.93535,-88.20269,Gulf of Mexico | BOEM Lease Block MC036,BOEM Lease Block MC036,WGS84,1094,1094,Push core_6.349999905,Near,-0,-0.02
MC036_20140627_NA043024B,MC036_20140627_NA043024,2014-06-27,NA043-H1335,28.93535,-88.20269,Gulf of Mexico | BOEM Lease Block MC036,BOEM Lease Block MC036,WGS84,1094,1094,Push core_6.349999905,Near,-0.02,-0.05
MC036_20140627_NA043024C,MC036_20140627_NA043024,2014-06-27,NA043-H1335,28.93535,-88.20269,Gulf of Mexico | BOEM Lease Block MC036,BOEM Lease Block MC036,WGS84,1094,1094,Push core_6.349999905,Near,-0.05,-0.1
AT47_20090824_RB09GOM047,AT47_20090824_RB13D457PC03,2009-08-24,RB-2009-GOM-457,27.88022,-89.78881,Gulf of Mexico | BOEM Lease Block AT47,BOEM Lease Block AT47,WGS84,840,840,Push core_6.349999905,Near,-0,-0.01
AT47_20090824_RB09GOM048,AT47_20090824_RB13D457PC03,2009-08-24,RB-2009-GOM-457,27.88022,-89.78881,Gulf of Mexico | BOEM Lease Block AT47,BOEM Lease Block AT47,WGS84,840,840,Push core_6.349999905,Near,-0.01,-0.02
AT47_20090824_RB09GOM049,AT47_20090824_RB13D457PC03,2009-08-24,RB-2009-GOM-457,27.88022,-89.78881,Gulf of Mexico | BOEM Lease Block AT47,BOEM Lease Block AT47,WGS84,840,840,Push core_6.349999905,Near,-0.02,-0.03
AT47_20090824_RB09GOM050,AT47_20090824_RB13D457PC03,2009-08-24,RB-2009-GOM-457,27.88022,-89.78881,Gulf of Mexico | BOEM Lease Block AT47,BOEM Lease Block AT47,WGS84,840,840,Push core_6.349999905,Near,-0.03,-0.05
AT47_20090824_RB09GOM051,AT47_20090824_RB13D457PC03,2009-08-24,RB-2009-GOM-457,27.88022,-89.78881,Gulf of Mexico | BOEM Lease Block AT47,BOEM Lease Block AT47,WGS84,840,840,Push core_6.349999905,Near,-0.05,-0.07
AT47_20090824_RB09GOM052,AT47_20090824_RB13D457PC03,2009-08-24,RB-2009-GOM-457,27.88022,-89.78881,Gulf of Mexico | BOEM Lease Block AT47,BOEM Lease Block AT47,WGS84,840,840,Push core_6.349999905,Near,-0.07,-0.1
AT47_20090824_RB09GOM053,AT47_20090824_RB13D457PC04,2009-08-24,RB-2009-GOM-457,27.88022,-89.78881,Gulf of Mexico | BOEM Lease Block AT47,BOEM Lease Block AT47,WGS84,840,840,Push core_6.349999905,Near,-0,-0.01
AT47_20090824_RB09GOM054,AT47_20090824_RB13D457PC04,2009-08-24,RB-2009-GOM-457,27.88022,-89.78881,Gulf of Mexico | BOEM Lease Block AT47,BOEM Lease Block AT47,WGS84,840,840,Push core_6.349999905,Near,-0.01,-0.02
AT47_20090824_RB09GOM055,AT47_20090824_RB13D457PC04,2009-08-24,RB-2009-GOM-457,27.88022,-89.78881,Gulf of Mexico | BOEM Lease Block AT47,BOEM Lease Block AT47,WGS84,840,840,Push core_6.349999905,Near,-0.02,-0.03
AT47_20090824_RB09GOM056,AT47_20090824_RB13D457PC04,2009-08-24,RB-2009-GOM-457,27.88022,-89.78881,Gulf of Mexico | BOEM Lease Block AT47,BOEM Lease Block AT47,WGS84,840,840,Push core_6.349999905,Near,-0.03,-0.05
AT47_20090824_RB09GOM057,AT47_20090824_RB13D457PC04,2009-08-24,RB-2009-GOM-457,27.88022,-89.78881,Gulf of Mexico | BOEM Lease Block AT47,BOEM Lease Block AT47,WGS84,840,840,Push core_6.349999905,Near,-0.05,-0.07
AT47_20090824_RB09GOM058,AT47_20090824_RB13D457PC04,2009-08-24,RB-2009-GOM-457,27.88022,-89.78881,Gulf of Mexico | BOEM Lease Block AT47,BOEM Lease Block AT47,WGS84,840,840,Push core_6.349999905,Near,-0.07,-0.1
AT47_20090824_RB09GOM059,AT47_20090824_RB13D457PC05,2009-08-24,RB-2009-GOM-457,27.88022,-89.78881,Gulf of Mexico | BOEM Lease Block AT47,BOEM Lease Block AT47,WGS84,840,840,Push core_6.349999905,Near,-0,-0.01
AT47_20090824_RB09GOM060,AT47_20090824_RB13D457PC05,2009-08-24,RB-2009-GOM-457,27.88022,-89.78881,Gulf of Mexico | BOEM Lease Block AT47,BOEM Lease Block AT47,WGS84,840,840,Push core_6.349999905,Near,-0.01,-0.02
AT47_20090824_RB09GOM061,AT47_20090824_RB13D457PC05,2009-08-24,RB-2009-GOM-457,27.88022,-89.78881,Gulf of Mexico | BOEM Lease Block AT47,BOEM Lease Block AT47,WGS84,840,840,Push core_6.349999905,Near,-0.02,-0.03
AT47_20090824_RB09GOM062,AT47_20090824_RB13D457PC05,2009-08-24,RB-2009-GOM-457,27.88022,-89.78881,Gulf of Mexico | BOEM Lease Block AT47,BOEM Lease Block AT47,WGS84,840,840,Push core_6.349999905,Near,-0.03,-0.05
AT47_20090824_RB09GOM063,AT47_20090824_RB13D457PC05,2009-08-24,RB-2009-GOM-457,27.88022,-89.78881,Gulf of Mexico | BOEM Lease Block AT47,BOEM Lease Block AT47,WGS84,840,840,Push core_6.349999905,Near,-0.05,-0.07
AT47_20090824_RB09GOM064,AT47_20090824_RB13D457PC05,2009-08-24,RB-2009-GOM-457,27.88022,-89.78881,Gulf of Mexico | BOEM Lease Block AT47,BOEM Lease Block AT47,WGS84,840,840,Push core_6.349999905,Near,-0.07,-0.1
AT47_20090824_RB09GOM065,AT47_20090824_RB13D457PC06,2009-08-24,RB-2009-GOM-457,27.8898,-89.79443,Gulf of Mexico | BOEM Lease Block AT47,BOEM Lease Block AT47,WGS84,837,837,Push core_6.349999905,Background,-0,-0.01
AT47_20090824_RB09GOM066,AT47_20090824_RB13D457PC06,2009-08-24,RB-2009-GOM-457,27.8898,-89.79443,Gulf of Mexico | BOEM Lease Block AT47,BOEM Lease Block AT47,WGS84,837,837,Push core_6.349999905,Background,-0.01,-0.02
AT47_20090824_RB09GOM067,AT47_20090824_RB13D457PC06,2009-08-24,RB-2009-GOM-457,27.8898,-89.79443,Gulf of Mexico | BOEM Lease Block AT47,BOEM Lease Block AT47,WGS84,837,837,Push core_6.349999905,Background,-0.02,-0.03
AT47_20090824_RB09GOM068,AT47_20090824_RB13D457PC06,2009-08-24,RB-2009-GOM-457,27.8898,-89.79443,Gulf of Mexico | BOEM Lease Block AT47,BOEM Lease Block AT47,WGS84,837,837,Push core_6.349999905,Background,-0.03,-0.05
AT47_20090824_RB09GOM069,AT47_20090824_RB13D457PC06,2009-08-24,RB-2009-GOM-457,27.8898,-89.79443,Gulf of Mexico | BOEM Lease Block AT47,BOEM Lease Block AT47,WGS84,837,837,Push core_6.349999905,Background,-0.05,-0.07
AT47_20090824_RB09GOM070,AT47_20090824_RB13D457PC06,2009-08-24,RB-2009-GOM-457,27.8898,-89.79443,Gulf of Mexico | BOEM Lease Block AT47,BOEM Lease Block AT47,WGS84,837,837,Push core_6.349999905,Background,-0.07,-0.1
AT47_20090824_RB09GOM071,AT47_20090824_RB13D457PC09,2009-08-24,RB-2009-GOM-457,27.8898,-89.79443,Gulf of Mexico | BOEM Lease Block AT47,BOEM Lease Block AT47,WGS84,837,837,Push core_6.349999905,Background,-0,-0.01
AT47_20090824_RB09GOM072,AT47_20090824_RB13D457PC09,2009-08-24,RB-2009-GOM-457,27.8898,-89.79443,Gulf of Mexico | BOEM Lease Block AT47,BOEM Lease Block AT47,WGS84,837,837,Push core_6.349999905,Background,-0.01,-0.02
AT47_20090824_RB09GOM073,AT47_20090824_RB13D457PC09,2009-08-24,RB-2009-GOM-457,27.8898,-89.79443,Gulf of Mexico | BOEM Lease Block AT47,BOEM Lease Block AT47,WGS84,837,837,Push core_6.349999905,Background,-0.02,-0.03
AT47_20090824_RB09GOM074,AT47_20090824_RB13D457PC09,2009-08-24,RB-2009-GOM-457,27.8898,-89.79443,Gulf of Mexico | BOEM Lease Block AT47,BOEM Lease Block AT47,WGS84,837,837,Push core_6.349999905,Background,-0.03,-0.05
AT47_20090824_RB09GOM075,AT47_20090824_RB13D457PC09,2009-08-24,RB-2009-GOM-457,27.8898,-89.79443,Gulf of Mexico | BOEM Lease Block AT47,BOEM Lease Block AT47,WGS84,837,837,Push core_6.349999905,Background,-0.05,-0.07
AT47_20090824_RB09GOM076,AT47_20090824_RB13D457PC09,2009-08-24,RB-2009-GOM-457,27.8898,-89.79443,Gulf of Mexico | BOEM Lease Block AT47,BOEM Lease Block AT47,WGS84,837,837,Push core_6.349999905,Background,-0.07,-0.1
AT47_20090824_RB09GOM077,AT47_20090824_RB13D457PC10,2009-08-24,RB-2009-GOM-457,27.8898,-89.79443,Gulf of Mexico | BOEM Lease Block AT47,BOEM Lease Block AT47,WGS84,837,837,Push core_6.349999905,Background,-0,-0.01
AT47_20090824_RB09GOM078,AT47_20090824_RB13D457PC10,2009-08-24,RB-2009-GOM-457,27.8898,-89.79443,Gulf of Mexico | BOEM Lease Block AT47,BOEM Lease Block AT47,WGS84,837,837,Push core_6.349999905,Background,-0.01,-0.02
AT47_20090824_RB09GOM079,AT47_20090824_RB13D457PC10,2009-08-24,RB-2009-GOM-457,27.8898,-89.79443,Gulf of Mexico | BOEM Lease Block AT47,BOEM Lease Block AT47,WGS84,837,837,Push core_6.349999905,Background,-0.02,-0.03
AT47_20090824_RB09GOM080,AT47_20090824_RB13D457PC10,2009-08-24,RB-2009-GOM-457,27.8898,-89.79443,Gulf of Mexico | BOEM Lease Block AT47,BOEM Lease Block AT47,WGS84,837,837,Push core_6.349999905,Background,-0.03,-0.05
AT47_20090824_RB09GOM081,AT47_20090824_RB13D457PC10,2009-08-24,RB-2009-GOM-457,27.8898,-89.79443,Gulf of Mexico | BOEM Lease Block AT47,BOEM Lease Block AT47,WGS84,837,837,Push core_6.349999905,Background,-0.05,-0.07
AT47_20090824_RB09GOM082,AT47_20090824_RB13D457PC10,2009-08-24,RB-2009-GOM-457,27.8898,-89.79443,Gulf of Mexico | BOEM Lease Block AT47,BOEM Lease Block AT47,WGS84,837,837,Push core_6.349999905,Background,-0.07,-0.1
GB299_20090826_RB09GOM083,GB299_20090826_RB13D459PC01,2009-08-26,RB-2009-GOM-459,27.68629,-92.23075,Gulf of Mexico | BOEM Lease Block GB299,BOEM Lease Block GB299,WGS84,359,359,Push core_6.349999905,Near,-0,-0.02
GB299_20090826_RB09GOM084,GB299_20090826_RB13D459PC01,2009-08-26,RB-2009-GOM-459,27.68629,-92.23075,Gulf of Mexico | BOEM Lease Block GB299,BOEM Lease Block GB299,WGS84,359,359,Push core_6.349999905,Near,-0.02,-0.05
GB299_20090826_RB09GOM085,GB299_20090826_RB13D459PC01,2009-08-26,RB-2009-GOM-459,27.68629,-92.23075,Gulf of Mexico | BOEM Lease Block GB299,BOEM Lease Block GB299,WGS84,359,359,Push core_6.349999905,Near,-0.05,-0.1
GB299_20090826_RB09GOM086,GB299_20090826_RB13D459PC02,2009-08-26,RB-2009-GOM-459,27.68619,-92.23089,Gulf of Mexico | BOEM Lease Block GB299,BOEM Lease Block GB299,WGS84,355,355,Push core_6.349999905,Background,-0,-0.02
GB299_20090826_RB09GOM087,GB299_20090826_RB13D459PC02,2009-08-26,RB-2009-GOM-459,27.68619,-92.23089,Gulf of Mexico | BOEM Lease Block GB299,BOEM Lease Block GB299,WGS84,355,355,Push core_6.349999905,Background,-0.02,-0.05
GB299_20090826_RB09GOM088,GB299_20090826_RB13D459PC02,2009-08-26,RB-2009-GOM-459,27.68619,-92.23089,Gulf of Mexico | BOEM Lease Block GB299,BOEM Lease Block GB299,WGS84,355,355,Push core_6.349999905,Background,-0.05,-0.1
GB299_20090826_RB09GOM089,GB299_20090826_RB13D459PC03,2009-08-26,RB-2009-GOM-459,27.68619,-92.23089,Gulf of Mexico | BOEM Lease Block GB299,BOEM Lease Block GB299,WGS84,355,355,Push core_6.349999905,Background,-0,-0.02
GB299_20090826_RB09GOM090,GB299_20090826_RB13D459PC03,2009-08-26,RB-2009-GOM-459,27.68619,-92.23089,Gulf of Mexico | BOEM Lease Block GB299,BOEM Lease Block GB299,WGS84,355,355,Push core_6.349999905,Background,-0.02,-0.05
GB299_20090826_RB09GOM091,GB299_20090826_RB13D459PC03,2009-08-26,RB-2009-GOM-459,27.68619,-92.23089,Gulf of Mexico | BOEM Lease Block GB299,BOEM Lease Block GB299,WGS84,355,355,Push core_6.349999905,Background,-0.05,-0.1
GB299_20090826_RB09GOM092,GB299_20090826_RB13D459PC04,2009-08-26,RB-2009-GOM-459,27.68629,-92.23075,Gulf of Mexico | BOEM Lease Block GB299,BOEM Lease Block GB299,WGS84,359,359,Push core_6.349999905,Near,-0,-0.02
GB299_20090826_RB09GOM093,GB299_20090826_RB13D459PC04,2009-08-26,RB-2009-GOM-459,27.68629,-92.23075,Gulf of Mexico | BOEM Lease Block GB299,BOEM Lease Block GB299,WGS84,359,359,Push core_6.349999905,Near,-0.02,-0.05
GB299_20090826_RB09GOM094,GB299_20090826_RB13D459PC04,2009-08-26,RB-2009-GOM-459,27.68629,-92.23075,Gulf of Mexico | BOEM Lease Block GB299,BOEM Lease Block GB299,WGS84,359,359,Push core_6.349999905,Near,-0.05,-0.1
GB299_20090826_RB09GOM095,GB299_20090826_RB13D459PC05,2009-08-26,RB-2009-GOM-459,27.68619,-92.23089,Gulf of Mexico | BOEM Lease Block GB299,BOEM Lease Block GB299,WGS84,355,355,Push core_6.349999905,Background,-0,-0.02
GB299_20090826_RB09GOM096,GB299_20090826_RB13D459PC05,2009-08-26,RB-2009-GOM-459,27.68619,-92.23089,Gulf of Mexico | BOEM Lease Block GB299,BOEM Lease Block GB299,WGS84,355,355,Push core_6.349999905,Background,-0.02,-0.05
GB299_20090826_RB09GOM097,GB299_20090826_RB13D459PC05,2009-08-26,RB-2009-GOM-459,27.68619,-92.23089,Gulf of Mexico | BOEM Lease Block GB299,BOEM Lease Block GB299,WGS84,355,355,Push core_6.349999905,Background,-0.05,-0.1
GB299_20090826_RB09GOM098,GB299_20090826_RB13D459PC06,2009-08-26,RB-2009-GOM-459,27.68629,-92.23075,Gulf of Mexico | BOEM Lease Block GB299,BOEM Lease Block GB299,WGS84,359,359,Push core_6.349999905,Near,-0,-0.02
GB299_20090826_RB09GOM099,GB299_20090826_RB13D459PC06,2009-08-26,RB-2009-GOM-459,27.68629,-92.23075,Gulf of Mexico | BOEM Lease Block GB299,BOEM Lease Block GB299,WGS84,359,359,Push core_6.349999905,Near,-0.02,-0.05
GB299_20090826_RB09GOM100,GB299_20090826_RB13D459PC06,2009-08-26,RB-2009-GOM-459,27.68629,-92.23075,Gulf of Mexico | BOEM Lease Block GB299,BOEM Lease Block GB299,WGS84,359,359,Push core_6.349999905,Near,-0.05,-0.1
GB299_20090826_RB09GOM101,GB299_20090826_RB13D459PC07,2009-08-26,RB-2009-GOM-459,27.68629,-92.23075,Gulf of Mexico | BOEM Lease Block GB299,BOEM Lease Block GB299,WGS84,359,359,Push core_6.349999905,Near,-0,-0.02
GB299_20090826_RB09GOM102,GB299_20090826_RB13D459PC07,2009-08-26,RB-2009-GOM-459,27.68629,-92.23075,Gulf of Mexico | BOEM Lease Block GB299,BOEM Lease Block GB299,WGS84,359,359,Push core_6.349999905,Near,-0.02,-0.05
GB299_20090826_RB09GOM103,GB299_20090826_RB13D459PC07,2009-08-26,RB-2009-GOM-459,27.68629,-92.23075,Gulf of Mexico | BOEM Lease Block GB299,BOEM Lease Block GB299,WGS84,359,359,Push core_6.349999905,Near,-0.05,-0.1
GB299_20090826_RB09GOM104,GB299_20090826_RB13D459PC08,2009-08-26,RB-2009-GOM-459,27.68629,-92.23075,Gulf of Mexico | BOEM Lease Block GB299,BOEM Lease Block GB299,WGS84,359,359,Push core_6.349999905,Near,-0,-0.02
GB299_20090826_RB09GOM105,GB299_20090826_RB13D459PC08,2009-08-26,RB-2009-GOM-459,27.68629,-92.23075,Gulf of Mexico | BOEM Lease Block GB299,BOEM Lease Block GB299,WGS84,359,359,Push core_6.349999905,Near,-0.02,-0.05
GB299_20090826_RB09GOM106,GB299_20090826_RB13D459PC08,2009-08-26,RB-2009-GOM-459,27.68629,-92.23075,Gulf of Mexico | BOEM Lease Block GB299,BOEM Lease Block GB299,WGS84,359,359,Push core_6.349999905,Near,-0.05,-0.1
GB299_20090826_RB09GOM107,GB299_20090826_RB13D459PC09,2009-08-26,RB-2009-GOM-459,27.68619,-92.23089,Gulf of Mexico | BOEM Lease Block GB299,BOEM Lease Block GB299,WGS84,355,355,Push core_6.349999905,Background,-0,-0.02
GB299_20090826_RB09GOM108,GB299_20090826_RB13D459PC09,2009-08-26,RB-2009-GOM-459,27.68619,-92.23089,Gulf of Mexico | BOEM Lease Block GB299,BOEM Lease Block GB299,WGS84,355,355,Push core_6.349999905,Background,-0.02,-0.05
GB299_20090826_RB09GOM109,GB299_20090826_RB13D459PC09,2009-08-26,RB-2009-GOM-459,27.68619,-92.23089,Gulf of Mexico | BOEM Lease Block GB299,BOEM Lease Block GB299,WGS84,355,355,Push core_6.349999905,Background,-0.05,-0.1
GB299_20090826_RB09GOM110,GB299_20090826_RB13D459PC10,2009-08-26,RB-2009-GOM-459,27.68619,-92.23089,Gulf of Mexico | BOEM Lease Block GB299,BOEM Lease Block GB299,WGS84,355,355,Push core_6.349999905,Background,-0,-0.02
GB299_20090826_RB09GOM111,GB299_20090826_RB13D459PC10,2009-08-26,RB-2009-GOM-459,27.68619,-92.23089,Gulf of Mexico | BOEM Lease Block GB299,BOEM Lease Block GB299,WGS84,355,355,Push core_6.349999905,Background,-0.02,-0.05
GB299_20090826_RB09GOM112,GB299_20090826_RB13D459PC10,2009-08-26,RB-2009-GOM-459,27.68619,-92.23089,Gulf of Mexico | BOEM Lease Block GB299,BOEM Lease Block GB299,WGS84,355,355,Push core_6.349999905,Background,-0.05,-0.1
MC751_20090901_RB09GOM168,MC751_20090901_RB13D464PC01,2009-09-01,RB-2009-GOM-464,28.19367,-89.79883,Gulf of Mexico | BOEM Lease Block MC751,BOEM Lease Block MC751,WGS84,440,440,Push core_6.349999905,Near,-0,-0.02
MC751_20090901_RB09GOM169,MC751_20090901_RB13D464PC01,2009-09-01,RB-2009-GOM-464,28.19367,-89.79883,Gulf of Mexico | BOEM Lease Block MC751,BOEM Lease Block MC751,WGS84,440,440,Push core_6.349999905,Near,-0.02,-0.05
MC751_20090901_RB09GOM170,MC751_20090901_RB13D464PC01,2009-09-01,RB-2009-GOM-464,28.19367,-89.79883,Gulf of Mexico | BOEM Lease Block MC751,BOEM Lease Block MC751,WGS84,440,440,Push core_6.349999905,Near,-0.05,-0.1
MC751_20090901_RB09GOM171,MC751_20090901_RB13D464PC02,2009-09-01,RB-2009-GOM-464,28.19367,-89.79883,Gulf of Mexico | BOEM Lease Block MC751,BOEM Lease Block MC751,WGS84,440,440,Push core_6.349999905,Near,-0,-0.02
MC751_20090901_RB09GOM172,MC751_20090901_RB13D464PC02,2009-09-01,RB-2009-GOM-464,28.19367,-89.79883,Gulf of Mexico | BOEM Lease Block MC751,BOEM Lease Block MC751,WGS84,440,440,Push core_6.349999905,Near,-0.02,-0.05
MC751_20090901_RB09GOM173,MC751_20090901_RB13D464PC02,2009-09-01,RB-2009-GOM-464,28.19367,-89.79883,Gulf of Mexico | BOEM Lease Block MC751,BOEM Lease Block MC751,WGS84,440,440,Push core_6.349999905,Near,-0.05,-0.08
MC751_20090901_RB09GOM179,MC751_20090901_RB13D464PC05,2009-09-01,RB-2009-GOM-464,28.19367,-89.79883,Gulf of Mexico | BOEM Lease Block MC751,BOEM Lease Block MC751,WGS84,440,440,Push core_6.349999905,Near,-0,-0.02
MC751_20090901_RB09GOM180,MC751_20090901_RB13D464PC05,2009-09-01,RB-2009-GOM-464,28.19367,-89.79883,Gulf of Mexico | BOEM Lease Block MC751,BOEM Lease Block MC751,WGS84,440,440,Push core_6.349999905,Near,-0.02,-0.05
MC751_20090901_RB09GOM181,MC751_20090901_RB13D464PC05,2009-09-01,RB-2009-GOM-464,28.19367,-89.79883,Gulf of Mexico | BOEM Lease Block MC751,BOEM Lease Block MC751,WGS84,440,440,Push core_6.349999905,Near,-0.05,-0.1
MC751_20090901_RB09GOM188,MC751_20090901_RB13D464PC08,2009-09-01,RB-2009-GOM-464,28.19871,-89.80104,Gulf of Mexico | BOEM Lease Block MC751,BOEM Lease Block MC751,WGS84,431,431,Push core_6.349999905,Background,-0,-0.02
MC751_20090901_RB09GOM189,MC751_20090901_RB13D464PC08,2009-09-01,RB-2009-GOM-464,28.19871,-89.80104,Gulf of Mexico | BOEM Lease Block MC751,BOEM Lease Block MC751,WGS84,431,431,Push core_6.349999905,Background,-0.02,-0.05
MC751_20090901_RB09GOM190,MC751_20090901_RB13D464PC08,2009-09-01,RB-2009-GOM-464,28.19871,-89.80104,Gulf of Mexico | BOEM Lease Block MC751,BOEM Lease Block MC751,WGS84,431,431,Push core_6.349999905,Background,-0.05,-0.1
MC751_20090901_RB09GOM191,MC751_20090901_RB13D464PC09,2009-09-01,RB-2009-GOM-464,28.19871,-89.80104,Gulf of Mexico | BOEM Lease Block MC751,BOEM Lease Block MC751,WGS84,431,431,Push core_6.349999905,Background,-0,-0.02
MC751_20090901_RB09GOM192,MC751_20090901_RB13D464PC09,2009-09-01,RB-2009-GOM-464,28.19871,-89.80104,Gulf of Mexico | BOEM Lease Block MC751,BOEM Lease Block MC751,WGS84,431,431,Push core_6.349999905,Background,-0.02,-0.05
MC751_20090901_RB09GOM193,MC751_20090901_RB13D464PC09,2009-09-01,RB-2009-GOM-464,28.19871,-89.80104,Gulf of Mexico | BOEM Lease Block MC751,BOEM Lease Block MC751,WGS84,431,431,Push core_6.349999905,Background,-0.05,-0.1
VK906_20090902_RB09GOM200,VK906_20090902_RB13D465PC01,2009-09-02,RB-2009-GOM-465,29.06964,-88.3771,Gulf of Mexico | BOEM Lease Block VK906,BOEM Lease Block VK906,WGS84,388,388,Push core_6.349999905,Near,-0,-0.02
VK906_20090902_RB09GOM201,VK906_20090902_RB13D465PC01,2009-09-02,RB-2009-GOM-465,29.06964,-88.3771,Gulf of Mexico | BOEM Lease Block VK906,BOEM Lease Block VK906,WGS84,388,388,Push core_6.349999905,Near,-0.02,-0.05
VK906_20090902_RB09GOM202,VK906_20090902_RB13D465PC01,2009-09-02,RB-2009-GOM-465,29.06964,-88.3771,Gulf of Mexico | BOEM Lease Block VK906,BOEM Lease Block VK906,WGS84,388,388,Push core_6.349999905,Near,-0.05,-0.1
VK906_20090902_RB09GOM203,VK906_20090902_RB13D465PC02,2009-09-02,RB-2009-GOM-465,29.06964,-88.3771,Gulf of Mexico | BOEM Lease Block VK906,BOEM Lease Block VK906,WGS84,388,388,Push core_6.349999905,Near,-0,-0.02
VK906_20090902_RB09GOM204,VK906_20090902_RB13D465PC02,2009-09-02,RB-2009-GOM-465,29.06964,-88.3771,Gulf of Mexico | BOEM Lease Block VK906,BOEM Lease Block VK906,WGS84,388,388,Push core_6.349999905,Near,-0.02,-0.05
VK906_20090902_RB09GOM205,VK906_20090902_RB13D465PC02,2009-09-02,RB-2009-GOM-465,29.06964,-88.3771,Gulf of Mexico | BOEM Lease Block VK906,BOEM Lease Block VK906,WGS84,388,388,Push core_6.349999905,Near,-0.05,-0.1
VK906_20090902_RB09GOM206,VK906_20090902_RB13D465PC03,2009-09-02,RB-2009-GOM-465,29.06964,-88.3771,Gulf of Mexico | BOEM Lease Block VK906,BOEM Lease Block VK906,WGS84,388,388,Push core_6.349999905,Near,-0,-0.02
VK906_20090902_RB09GOM207,VK906_20090902_RB13D465PC03,2009-09-02,RB-2009-GOM-465,29.06964,-88.3771,Gulf of Mexico | BOEM Lease Block VK906,BOEM Lease Block VK906,WGS84,388,388,Push core_6.349999905,Near,-0.02,-0.05
VK906_20090902_RB09GOM208,VK906_20090902_RB13D465PC03,2009-09-02,RB-2009-GOM-465,29.06964,-88.3771,Gulf of Mexico | BOEM Lease Block VK906,BOEM Lease Block VK906,WGS84,388,388,Push core_6.349999905,Near,-0.05,-0.1
VK906_20090902_RB09GOM209,VK906_20090902_RB13D465PC04,2009-09-02,RB-2009-GOM-465,29.06917,-88.37759,Gulf of Mexico | BOEM Lease Block VK906,BOEM Lease Block VK906,WGS84,393,393,Push core_6.349999905,Near,-0,-0.02
VK906_20090902_RB09GOM210,VK906_20090902_RB13D465PC04,2009-09-02,RB-2009-GOM-465,29.06917,-88.37759,Gulf of Mexico | BOEM Lease Block VK906,BOEM Lease Block VK906,WGS84,393,393,Push core_6.349999905,Near,-0.02,-0.05
VK906_20090902_RB09GOM211,VK906_20090902_RB13D465PC04,2009-09-02,RB-2009-GOM-465,29.06917,-88.37759,Gulf of Mexico | BOEM Lease Block VK906,BOEM Lease Block VK906,WGS84,393,393,Push core_6.349999905,Near,-0.05,-0.1
VK906_20090902_RB09GOM212,VK906_20090902_RB13D465PC05,2009-09-02,RB-2009-GOM-465,29.06917,-88.37759,Gulf of Mexico | BOEM Lease Block VK906,BOEM Lease Block VK906,WGS84,393,393,Push core_6.349999905,Near,-0,-0.02
VK906_20090902_RB09GOM213,VK906_20090902_RB13D465PC05,2009-09-02,RB-2009-GOM-465,29.06917,-88.37759,Gulf of Mexico | BOEM Lease Block VK906,BOEM Lease Block VK906,WGS84,393,393,Push core_6.349999905,Near,-0.02,-0.05
VK906_20090902_RB09GOM214,VK906_20090902_RB13D465PC05,2009-09-02,RB-2009-GOM-465,29.06917,-88.37759,Gulf of Mexico | BOEM Lease Block VK906,BOEM Lease Block VK906,WGS84,393,393,Push core_6.349999905,Near,-0.05,-0.08
VK906_20090902_RB09GOM215,VK906_20090902_RB13D465PC06,2009-09-02,RB-2009-GOM-465,29.06725,-88.38017,Gulf of Mexico | BOEM Lease Block VK906,BOEM Lease Block VK906,WGS84,432,432,Push core_6.349999905,Background,-0,-0.02
VK906_20090902_RB09GOM216,VK906_20090902_RB13D465PC06,2009-09-02,RB-2009-GOM-465,29.06725,-88.38017,Gulf of Mexico | BOEM Lease Block VK906,BOEM Lease Block VK906,WGS84,432,432,Push core_6.349999905,Background,-0.02,-0.05
VK906_20090902_RB09GOM217,VK906_20090902_RB13D465PC06,2009-09-02,RB-2009-GOM-465,29.06725,-88.38017,Gulf of Mexico | BOEM Lease Block VK906,BOEM Lease Block VK906,WGS84,432,432,Push core_6.349999905,Background,-0.05,-0.07
VK906_20090902_RB09GOM218,VK906_20090902_RB13D465PC07,2009-09-02,RB-2009-GOM-465,29.06725,-88.38017,Gulf of Mexico | BOEM Lease Block VK906,BOEM Lease Block VK906,WGS84,432,432,Push core_6.349999905,Background,-0,-0.02
VK906_20090902_RB09GOM219,VK906_20090902_RB13D465PC07,2009-09-02,RB-2009-GOM-465,29.06725,-88.38017,Gulf of Mexico | BOEM Lease Block VK906,BOEM Lease Block VK906,WGS84,432,432,Push core_6.349999905,Background,-0.02,-0.05
VK906_20090902_RB09GOM220,VK906_20090902_RB13D465PC07,2009-09-02,RB-2009-GOM-465,29.06725,-88.38017,Gulf of Mexico | BOEM Lease Block VK906,BOEM Lease Block VK906,WGS84,432,432,Push core_6.349999905,Background,-0.05,-0.1
VK906_20090902_RB09GOM221,VK906_20090902_RB13D465PC08,2009-09-02,RB-2009-GOM-465,29.06725,-88.38017,Gulf of Mexico | BOEM Lease Block VK906,BOEM Lease Block VK906,WGS84,432,432,Push core_6.349999905,Background,-0,-0.02
VK906_20090902_RB09GOM222,VK906_20090902_RB13D465PC08,2009-09-02,RB-2009-GOM-465,29.06725,-88.38017,Gulf of Mexico | BOEM Lease Block VK906,BOEM Lease Block VK906,WGS84,432,432,Push core_6.349999905,Background,-0.02,-0.05
VK906_20090902_RB09GOM223,VK906_20090902_RB13D465PC08,2009-09-02,RB-2009-GOM-465,29.06725,-88.38017,Gulf of Mexico | BOEM Lease Block VK906,BOEM Lease Block VK906,WGS84,432,432,Push core_6.349999905,Background,-0.05,-0.1
VK906_20090902_RB09GOM224,VK906_20090902_RB13D465PC10,2009-09-02,RB-2009-GOM-465,29.06917,-88.37759,Gulf of Mexico | BOEM Lease Block VK906,BOEM Lease Block VK906,WGS84,393,393,Push core_6.349999905,Near,-0,-0.02
VK906_20090902_RB09GOM225,VK906_20090902_RB13D465PC10,2009-09-02,RB-2009-GOM-465,29.06917,-88.37759,Gulf of Mexico | BOEM Lease Block VK906,BOEM Lease Block VK906,WGS84,393,393,Push core_6.349999905,Near,-0.02,-0.05
VK906_20090902_RB09GOM226,VK906_20090902_RB13D465PC10,2009-09-02,RB-2009-GOM-465,29.06917,-88.37759,Gulf of Mexico | BOEM Lease Block VK906,BOEM Lease Block VK906,WGS84,393,393,Push core_6.349999905,Near,-0.05,-0.1
VK826_20090903_RB09GOM230,VK826_20090903_RB13D466PC01,2009-09-03,RB-2009-GOM-466,29.15778,-88.01615,Gulf of Mexico | BOEM Lease Block VK826,BOEM Lease Block VK826,WGS84,475,475,Push core_6.349999905,Near,-0,-0.02
VK826_20090903_RB09GOM231,VK826_20090903_RB13D466PC01,2009-09-03,RB-2009-GOM-466,29.15778,-88.01615,Gulf of Mexico | BOEM Lease Block VK826,BOEM Lease Block VK826,WGS84,475,475,Push core_6.349999905,Near,-0.02,-0.05
VK826_20090903_RB09GOM232,VK826_20090903_RB13D466PC01,2009-09-03,RB-2009-GOM-466,29.15778,-88.01615,Gulf of Mexico | BOEM Lease Block VK826,BOEM Lease Block VK826,WGS84,475,475,Push core_6.349999905,Near,-0.05,-0.1
VK826_20090903_RB09GOM233,VK826_20090903_RB13D466PC02,2009-09-03,RB-2009-GOM-466,29.15778,-88.01615,Gulf of Mexico | BOEM Lease Block VK826,BOEM Lease Block VK826,WGS84,475,475,Push core_6.349999905,Near,-0,-0.02
VK826_20090903_RB09GOM234,VK826_20090903_RB13D466PC02,2009-09-03,RB-2009-GOM-466,29.15778,-88.01615,Gulf of Mexico | BOEM Lease Block VK826,BOEM Lease Block VK826,WGS84,475,475,Push core_6.349999905,Near,-0.02,-0.05
VK826_20090903_RB09GOM235,VK826_20090903_RB13D466PC02,2009-09-03,RB-2009-GOM-466,29.15778,-88.01615,Gulf of Mexico | BOEM Lease Block VK826,BOEM Lease Block VK826,WGS84,475,475,Push core_6.349999905,Near,-0.05,-0.1
VK826_20090903_RB09GOM236,VK826_20090903_RB13D466PC03,2009-09-03,RB-2009-GOM-466,29.15778,-88.01615,Gulf of Mexico | BOEM Lease Block VK826,BOEM Lease Block VK826,WGS84,475,475,Push core_6.349999905,Near,-0,-0.02
VK826_20090903_RB09GOM237,VK826_20090903_RB13D466PC03,2009-09-03,RB-2009-GOM-466,29.15778,-88.01615,Gulf of Mexico | BOEM Lease Block VK826,BOEM Lease Block VK826,WGS84,475,475,Push core_6.349999905,Near,-0.02,-0.05
VK826_20090903_RB09GOM238,VK826_20090903_RB13D466PC03,2009-09-03,RB-2009-GOM-466,29.15778,-88.01615,Gulf of Mexico | BOEM Lease Block VK826,BOEM Lease Block VK826,WGS84,475,475,Push core_6.349999905,Near,-0.05,-0.1
VK826_20090903_RB09GOM242,VK826_20090903_RB13D466PC05,2009-09-03,RB-2009-GOM-466,29.15816,-88.01681,Gulf of Mexico | BOEM Lease Block VK826,BOEM Lease Block VK826,WGS84,470,470,Push core_6.349999905,Near,-0,-0.02
VK826_20090903_RB09GOM243,VK826_20090903_RB13D466PC05,2009-09-03,RB-2009-GOM-466,29.15816,-88.01681,Gulf of Mexico | BOEM Lease Block VK826,BOEM Lease Block VK826,WGS84,470,470,Push core_6.349999905,Near,-0.02,-0.05
VK826_20090903_RB09GOM244,VK826_20090903_RB13D466PC05,2009-09-03,RB-2009-GOM-466,29.15816,-88.01681,Gulf of Mexico | BOEM Lease Block VK826,BOEM Lease Block VK826,WGS84,470,470,Push core_6.349999905,Near,-0.05,-0.1
VK826_20090903_RB09GOM245,VK826_20090903_RB13D466PC06,2009-09-03,RB-2009-GOM-466,29.15816,-88.01681,Gulf of Mexico | BOEM Lease Block VK826,BOEM Lease Block VK826,WGS84,470,470,Push core_6.349999905,Near,-0,-0.02
VK826_20090903_RB09GOM246,VK826_20090903_RB13D466PC06,2009-09-03,RB-2009-GOM-466,29.15816,-88.01681,Gulf of Mexico | BOEM Lease Block VK826,BOEM Lease Block VK826,WGS84,470,470,Push core_6.349999905,Near,-0.02,-0.05
VK826_20090903_RB09GOM247,VK826_20090903_RB13D466PC06,2009-09-03,RB-2009-GOM-466,29.15816,-88.01681,Gulf of Mexico | BOEM Lease Block VK826,BOEM Lease Block VK826,WGS84,470,470,Push core_6.349999905,Near,-0.05,-0.1
VK826_20090904_RB09GOM262,VK826_20090904_RB13D467PC02,2009-09-04,RB-2009-GOM-467,29.15871,-88.01038,Gulf of Mexico | BOEM Lease Block VK826,BOEM Lease Block VK826,WGS84,480,480,Push core_6.349999905,Near,-0,-0.02
VK826_20090904_RB09GOM263,VK826_20090904_RB13D467PC02,2009-09-04,RB-2009-GOM-467,29.15871,-88.01038,Gulf of Mexico | BOEM Lease Block VK826,BOEM Lease Block VK826,WGS84,480,480,Push core_6.349999905,Near,-0.02,-0.05
VK826_20090904_RB09GOM264,VK826_20090904_RB13D467PC02,2009-09-04,RB-2009-GOM-467,29.15871,-88.01038,Gulf of Mexico | BOEM Lease Block VK826,BOEM Lease Block VK826,WGS84,480,480,Push core_6.349999905,Near,-0.05,-0.1
VK826_20090904_RB09GOM266,VK826_20090904_RB13D467PC05,2009-09-04,RB-2009-GOM-467,29.15871,-88.01038,Gulf of Mexico | BOEM Lease Block VK826,BOEM Lease Block VK826,WGS84,480,480,Push core_6.349999905,Near,-0,-0.02
VK826_20090904_RB09GOM267,VK826_20090904_RB13D467PC05,2009-09-04,RB-2009-GOM-467,29.15871,-88.01038,Gulf of Mexico | BOEM Lease Block VK826,BOEM Lease Block VK826,WGS84,480,480,Push core_6.349999905,Near,-0.05,-0.1
VK826_20090904_RB09GOM297,VK826_20090904_RB13D467PC05,2009-09-04,RB-2009-GOM-467,29.15871,-88.01038,Gulf of Mexico | BOEM Lease Block VK826,BOEM Lease Block VK826,WGS84,480,480,Push core_6.349999905,Near,-0.02,-0.05
VK906_20090910_RB09GOM402,VK906_20090910_RB13D473PC01,2009-09-10,RB-2009-GOM-473,29.06904,-88.37712,Gulf of Mexico | BOEM Lease Block VK906,BOEM Lease Block VK906,WGS84,392,392,Push core_6.349999905,Near,-0,-0.02
VK906_20090910_RB09GOM403,VK906_20090910_RB13D473PC01,2009-09-10,RB-2009-GOM-473,29.06904,-88.37712,Gulf of Mexico | BOEM Lease Block VK906,BOEM Lease Block VK906,WGS84,392,392,Push core_6.349999905,Near,-0.02,-0.05
VK906_20090910_RB09GOM404,VK906_20090910_RB13D473PC01,2009-09-10,RB-2009-GOM-473,29.06904,-88.37712,Gulf of Mexico | BOEM Lease Block VK906,BOEM Lease Block VK906,WGS84,392,392,Push core_6.349999905,Near,-0.05,-0.1
VK906_20090910_RB09GOM405,VK906_20090910_RB13D473PC02,2009-09-10,RB-2009-GOM-473,29.06904,-88.37712,Gulf of Mexico | BOEM Lease Block VK906,BOEM Lease Block VK906,WGS84,392,392,Push core_6.349999905,Near,-0,-0.02
VK906_20090910_RB09GOM406,VK906_20090910_RB13D473PC02,2009-09-10,RB-2009-GOM-473,29.06904,-88.37712,Gulf of Mexico | BOEM Lease Block VK906,BOEM Lease Block VK906,WGS84,392,392,Push core_6.349999905,Near,-0.02,-0.05
VK906_20090910_RB09GOM407,VK906_20090910_RB13D473PC02,2009-09-10,RB-2009-GOM-473,29.06904,-88.37712,Gulf of Mexico | BOEM Lease Block VK906,BOEM Lease Block VK906,WGS84,392,392,Push core_6.349999905,Near,-0.05,-0.1
VK906_20090910_RB09GOM408,VK906_20090910_RB13D473PC04,2009-09-10,RB-2009-GOM-473,29.06904,-88.37712,Gulf of Mexico | BOEM Lease Block VK906,BOEM Lease Block VK906,WGS84,392,392,Push core_6.349999905,Near,-0,-0.02
VK906_20090910_RB09GOM409,VK906_20090910_RB13D473PC04,2009-09-10,RB-2009-GOM-473,29.06904,-88.37712,Gulf of Mexico | BOEM Lease Block VK906,BOEM Lease Block VK906,WGS84,392,392,Push core_6.349999905,Near,-0.02,-0.05
VK906_20090910_RB09GOM410,VK906_20090910_RB13D473PC04,2009-09-10,RB-2009-GOM-473,29.06904,-88.37712,Gulf of Mexico | BOEM Lease Block VK906,BOEM Lease Block VK906,WGS84,392,392,Push core_6.349999905,Near,-0.05,-0.07
VK906_20090918_SJ09GOM046,VK906_20090918_SJ09GOM3725PC05,2009-09-18,JSLII-2009-GOM-3725,29.0691,-88.37611,Gulf of Mexico | BOEM Lease Block VK906,BOEM Lease Block VK906,WGS84,393,393,Large push core_8.260000229,Background,-0,-0.02
VK906_20090918_SJ09GOM047,VK906_20090918_SJ09GOM3725PC05,2009-09-18,JSLII-2009-GOM-3725,29.0691,-88.37611,Gulf of Mexico | BOEM Lease Block VK906,BOEM Lease Block VK906,WGS84,393,393,Large push core_8.260000229,Background,-0.02,-0.05
VK906_20090918_SJ09GOM048,VK906_20090918_SJ09GOM3725PC05,2009-09-18,JSLII-2009-GOM-3725,29.0691,-88.37611,Gulf of Mexico | BOEM Lease Block VK906,BOEM Lease Block VK906,WGS84,393,393,Large push core_8.260000229,Background,-0.05,-0.1
MC751_20090919_SJ09GOM058,MC751_20090919_SJ09GOMBC05,2009-09-19,SJ-2009-GOM-027,28.19688,-89.79876,Gulf of Mexico | BOEM Lease Block MC751,BOEM Lease Block MC751,WGS84,429,429,Box core_6.349999905,Background,-0,-0.02
MC751_20090919_SJ09GOM059,MC751_20090919_SJ09GOMBC05,2009-09-19,SJ-2009-GOM-027,28.19688,-89.79876,Gulf of Mexico | BOEM Lease Block MC751,BOEM Lease Block MC751,WGS84,429,429,Box core_6.349999905,Background,-0.02,-0.05
MC751_20090919_SJ09GOM060,MC751_20090919_SJ09GOMBC05,2009-09-19,SJ-2009-GOM-027,28.19688,-89.79876,Gulf of Mexico | BOEM Lease Block MC751,BOEM Lease Block MC751,WGS84,429,429,Box core_6.349999905,Background,-0.05,-0.1
MC751_20090919_SJ09GOM061,MC751_20090919_SJ09GOMBC06,2009-09-19,SJ-2009-GOM-028,28.19675,-89.79985,Gulf of Mexico | BOEM Lease Block MC751,BOEM Lease Block MC751,WGS84,427,427,Box core_6.349999905,Background,-0,-0.02
MC751_20090919_SJ09GOM062,MC751_20090919_SJ09GOMBC06,2009-09-19,SJ-2009-GOM-028,28.19675,-89.79985,Gulf of Mexico | BOEM Lease Block MC751,BOEM Lease Block MC751,WGS84,427,427,Box core_6.349999905,Background,-0.02,-0.05
MC751_20090919_SJ09GOM063,MC751_20090919_SJ09GOMBC06,2009-09-19,SJ-2009-GOM-028,28.19675,-89.79985,Gulf of Mexico | BOEM Lease Block MC751,BOEM Lease Block MC751,WGS84,427,427,Box core_6.349999905,Background,-0.05,-0.1
VK906_20090920_SJ09GOM072,VK906_20090920_SJ09GOMBC08,2009-09-20,SJ-2009-GOM-033,29.0727,-88.37808,Gulf of Mexico | BOEM Lease Block VK906,BOEM Lease Block VK906,WGS84,418,418,Box core_6.349999905,Background,-0,-0.02
VK906_20090920_SJ09GOM073,VK906_20090920_SJ09GOMBC08,2009-09-20,SJ-2009-GOM-033,29.0727,-88.37808,Gulf of Mexico | BOEM Lease Block VK906,BOEM Lease Block VK906,WGS84,418,418,Box core_6.349999905,Background,-0.02,-0.05
VK906_20090920_SJ09GOM074,VK906_20090920_SJ09GOMBC08,2009-09-20,SJ-2009-GOM-033,29.0727,-88.37808,Gulf of Mexico | BOEM Lease Block VK906,BOEM Lease Block VK906,WGS84,418,418,Box core_6.349999905,Background,-0.05,-0.1
VK826_20090922_SJ09GOM102,VK826_20090922_SJ09GOMBC12,2009-09-22,SJ-2009-GOM-062,29.17011,-88.0133,Gulf of Mexico | BOEM Lease Block VK826,BOEM Lease Block VK826,WGS84,470,470,Box core_6.349999905,Background,-0,-0.02
VK826_20090922_SJ09GOM103,VK826_20090922_SJ09GOMBC12,2009-09-22,SJ-2009-GOM-062,29.17011,-88.0133,Gulf of Mexico | BOEM Lease Block VK826,BOEM Lease Block VK826,WGS84,470,470,Box core_6.349999905,Background,-0.02,-0.05
VK826_20090922_SJ09GOM104,VK826_20090922_SJ09GOMBC12,2009-09-22,SJ-2009-GOM-062,29.17011,-88.0133,Gulf of Mexico | BOEM Lease Block VK826,BOEM Lease Block VK826,WGS84,470,470,Box core_6.349999905,Background,-0.05,-0.1
VK826_20090922_SJ09GOM105,VK826_20090922_SJ09GOMBC13,2009-09-22,SJ-2009-GOM-063,29.17068,-88.01233,Gulf of Mexico | BOEM Lease Block VK826,BOEM Lease Block VK826,WGS84,461,461,Box core_6.349999905,Background,-0,-0.02
VK826_20090922_SJ09GOM106,VK826_20090922_SJ09GOMBC13,2009-09-22,SJ-2009-GOM-063,29.17068,-88.01233,Gulf of Mexico | BOEM Lease Block VK826,BOEM Lease Block VK826,WGS84,461,461,Box core_6.349999905,Background,-0.02,-0.05
VK826_20090922_SJ09GOM107,VK826_20090922_SJ09GOMBC13,2009-09-22,SJ-2009-GOM-063,29.17068,-88.01233,Gulf of Mexico | BOEM Lease Block VK826,BOEM Lease Block VK826,WGS84,461,461,Box core_6.349999905,Background,-0.05,-0.09
VK826_20090923_SJ09GOM116,VK826_20090923_SJ09GOMBC14,2009-09-23,SJ-2009-GOM-072,29.16771,-88.01315,Gulf of Mexico | BOEM Lease Block VK826,BOEM Lease Block VK826,WGS84,472,472,Box core_6.349999905,Background,-0,-0.02
VK826_20090923_SJ09GOM117,VK826_20090923_SJ09GOMBC14,2009-09-23,SJ-2009-GOM-072,29.16771,-88.01315,Gulf of Mexico | BOEM Lease Block VK826,BOEM Lease Block VK826,WGS84,472,472,Box core_6.349999905,Background,-0.02,-0.05
VK826_20090923_SJ09GOM118,VK826_20090923_SJ09GOMBC14,2009-09-23,SJ-2009-GOM-072,29.16771,-88.01315,Gulf of Mexico | BOEM Lease Block VK826,BOEM Lease Block VK826,WGS84,472,472,Box core_6.349999905,Background,-0.05,-0.1
VK826_20090923_SJ09GOM120,VK826_20090923_SJ09GOMBC16,2009-09-23,SJ-2009-GOM-074,29.17076,-88.01133,Gulf of Mexico | BOEM Lease Block VK826,BOEM Lease Block VK826,WGS84,458,458,Box core_6.349999905,Background,-0,-0.02
VK826_20090923_SJ09GOM121,VK826_20090923_SJ09GOMBC16,2009-09-23,SJ-2009-GOM-074,29.17076,-88.01133,Gulf of Mexico | BOEM Lease Block VK826,BOEM Lease Block VK826,WGS84,458,458,Box core_6.349999905,Background,-0.02,-0.05
VK826_20090923_SJ09GOM122,VK826_20090923_SJ09GOMBC16,2009-09-23,SJ-2009-GOM-074,29.17076,-88.01133,Gulf of Mexico | BOEM Lease Block VK826,BOEM Lease Block VK826,WGS84,458,458,Box core_6.349999905,Background,-0.05,-0.09
MC885_20101016_RB10D527PC03,MC885_20101016_RB10D527PC03,2010-10-16,NA,28.6637,-89.7171,Gulf of Mexico | BOEM Lease Block MC885,BOEM Lease Block MC885,WGS84,633,633,NA_NA,NA,-0,-0.1
GC249_20101023_RB10D533PC01,GC249_20101023_RB10D533PC01,2010-10-23,NA,27.7241,-90.5142,Gulf of Mexico | BOEM Lease Block GC249,BOEM Lease Block GC249,WGS84,810,810,NA_NA,NA,-0,-0.05
MC118_20130625_NA028047PC4,MC118_20130625_NA028047PC4,2013-06-25,NA,28.85278,-88.49273,Gulf of Mexico | BOEM Lease Block MC118,BOEM Lease Block MC118,WGS84,884,884,NA_NA,NA,-0,-0.04
MC118_20130625_NA028052PC6,MC118_20130625_NA028052PC6,2013-06-25,NA,28.85268,-88.49252,Gulf of Mexico | BOEM Lease Block MC118,BOEM Lease Block MC118,WGS84,885,885,NA_NA,NA,-0,-0.075
AT357_20130627_NA028087PC3,AT357_20130627_NA028087PC3,2013-06-27,NA,27.58672,-89.70464,Gulf of Mexico | BOEM Lease Block AT357,BOEM Lease Block AT357,WGS84,1049,1049,NA_NA,NA,-0,-0.1
AT357_20130629_NA028107PC3,AT357_20130629_NA028107PC3,2013-06-29,NA,27.58573,-89.70502,Gulf of Mexico | BOEM Lease Block AT357,BOEM Lease Block AT357,WGS84,1054,1054,NA_NA,NA,-0,-0.1
MC885_20140501_AT26144705044,MC885_20140501_AT26144705044,2014-05-01,NA,28.06614,-89.71717,Gulf of Mexico | BOEM Lease Block MC885,BOEM Lease Block MC885,WGS84,634,634,NA_NA,NA,-0,-0.1
MC885_20140501_AT26144705045,MC885_20140501_AT26144705045,2014-05-01,NA,28.06614,-89.71729,Gulf of Mexico | BOEM Lease Block MC885,BOEM Lease Block MC885,WGS84,635,635,NA_NA,NA,-0,-0.1
AT357_20140504_AT26144706053,AT357_20140504_AT26144706053,2014-05-04,NA,27.58644,-89.70441,Gulf of Mexico | BOEM Lease Block AT357,BOEM Lease Block AT357,WGS84,1050,1050,NA_NA,NA,-0,-0.1
AT357_20140504_AT26144706054,AT357_20140504_AT26144706054,2014-05-04,NA,27.58611,-89.70435,Gulf of Mexico | BOEM Lease Block AT357,BOEM Lease Block AT357,WGS84,1054,1054,NA_NA,NA,-0,-0.1
MC036_20140627_NA043023,MC036_20140627_NA043023,2014-06-27,NA,28.9354,-88.2027,Gulf of Mexico | BOEM Lease Block MC036,BOEM Lease Block MC036,WGS84,1094,1094,NA_NA,NA,-0,-0.1
